Workbook

Sheet hipblaslt_mi300x_GF
B1: M | C1: N | D1: K | E1: mul | F1: acc | G1: scale | H1: n_iter | I1: n_thread | J1: n_wg | K1: n_wf | L1: wf_size | M1: wg_size | N1: n_flops | O1: n_bytes | P1: time_ms | Q1: gflop/s | R1: avg_clock | S1: max_clock | T1: min_clock | U1: stdev_clock
A2: =B2&"-"&C2&"-"&D2&"-"&E2&"-"&F2&"-"&G2 -> 4096-1-4096-fp16-fp32-fp32 | B2: 4096 | C2: 1 | D2: 4096 | E2: fp16 | F2: fp32 | G2: fp32 | H2: 524288 | I2: 0 | J2: 0 | K2: 0 | L2: 64 | M2: 0 | N2: 17592186044416 | O2: 35210141892608 | P2: 17678.85 | Q2: 995.1 | R2: 0 | S2: 0 | T2: 0 | U2: 0
A3: =B3&"-"&C3&"-"&D3&"-"&E3&"-"&F3&"-"&G3 -> 4096-1-4096-bf8-fp16-fp32 | B3: 4096 | C3: 1 | D3: 4096 | E3: bf8 | F3: fp16 | G3: fp32 | H3: 524288 | I3: 0 | J3: 0 | K3: 0 | L3: 64 | M3: 0 | N3: 17592186044416 | O3: 17605070946304 | P3: 22164.97 | Q3: 793.69 | R3: 0 | S3: 0 | T3: 0 | U3: 0
A4: =B4&"-"&C4&"-"&D4&"-"&E4&"-"&F4&"-"&G4 -> 8192-1-8192-fp32-fp32-fp32 | B4: 8192 | C4: 1 | D4: 8192 | E4: fp32 | F4: fp32 | G4: fp32 | H4: 524288 | I4: 0 | J4: 0 | K4: 0 | L4: 64 | M4: 0 | N4: 70368744177664 | O4: 281543696187392 | P4: 73993.87 | Q4: 951.01 | R4: 0 | S4: 0 | T4: 0 | U4: 0
A5: =B5&"-"&C5&"-"&D5&"-"&E5&"-"&F5&"-"&G5 -> 8192-1-8192-fp16-fp16-fp32 | B5: 8192 | C5: 1 | D5: 8192 | E5: fp16 | F5: fp16 | G5: fp32 | H5: 524288 | I5: 0 | J5: 0 | K5: 0 | L5: 64 | M5: 0 | N5: 70368744177664 | O5: 140771848093696 | P5: 31093.84 | Q5: 2263.11 | R5: 0 | S5: 0 | T5: 0 | U5: 0
A6: =B6&"-"&C6&"-"&D6&"-"&E6&"-"&F6&"-"&G6 -> 8192-1-8192-fp8-fp32-fp32 | B6: 8192 | C6: 1 | D6: 8192 | E6: fp8 | F6: fp32 | G6: fp32 | H6: 524288 | I6: 0 | J6: 0 | K6: 0 | L6: 64 | M6: 0 | N6: 70368744177664 | O6: 70411693850624 | P6: 54715.69 | Q6: 1286.08 | R6: 0 | S6: 0 | T6: 0 | U6: 0
A7: =B7&"-"&C7&"-"&D7&"-"&E7&"-"&F7&"-"&G7 -> 65536-1-65536-tf32-fp32-fp32 | B7: 65536 | C7: 1 | D7: 65536 | E7: tf32 | F7: fp32 | G7: fp32 | H7: 32768 | I7: 0 | J7: 0 | K7: 0 | L7: 64 | M7: 0 | N7: 281474976710656 | O7: 1.1259343e+15 | P7: 280048.53 | Q7: 1005.09 | R7: 0 | S7: 0 | T7: 0 | U7: 0
A8: =B8&"-"&C8&"-"&D8&"-"&E8&"-"&F8&"-"&G8 -> 4096-1-4096-fp64-fp64-fp64 | B8: 4096 | C8: 1 | D8: 4096 | E8: fp64 | F8: fp64 | G8: fp64 | H8: 524288 | I8: 0 | J8: 0 | K8: 0 | L8: 64 | M8: 0 | N8: 17592186044416 | O8: 140806207832064 | P8: 9210.55 | Q8: 1910 | R8: 0 | S8: 0 | T8: 0 | U8: 0
A9: =B9&"-"&C9&"-"&D9&"-"&E9&"-"&F9&"-"&G9 -> 16384-1-16384-fp64-fp64-fp64 | B9: 16384 | C9: 1 | D9: 16384 | E9: fp64 | F9: fp64 | G9: fp64 | H9: 131072 | I9: 0 | J9: 0 | K9: 0 | L9: 64 | M9: 0 | N9: 70368744177664 | O9: 563018672898048 | P9: 2360.51 | Q9: 29810.83 | R9: 0 | S9: 0 | T9: 0 | U9: 0
A10: =B10&"-"&C10&"-"&D10&"-"&E10&"-"&F10&"-"&G10 -> 32768-1-32768-bf16-fp32-fp32 | B10: 32768 | C10: 1 | D10: 32768 | E10: bf16 | F10: fp32 | G10: fp32 | H10: 65536 | I10: 0 | J10: 0 | K10: 0 | L10: 64 | M10: 0 | N10: 140737488355328 | O10: 281500746514432 | P10: 36642.7 | Q10: 3840.81 | R10: 0 | S10: 0 | T10: 0 | U10: 0
A11: =B11&"-"&C11&"-"&D11&"-"&E11&"-"&F11&"-"&G11 -> 8192-1-8192-fp16-fp32-fp32 | B11: 8192 | C11: 1 | D11: 8192 | E11: fp16 | F11: fp32 | G11: fp32 | H11: 524288 | I11: 0 | J11: 0 | K11: 0 | L11: 64 | M11: 0 | N11: 70368744177664 | O11: 140789027962880 | P11: 30867.17 | Q11: 2279.73 | R11: 0 | S11: 0 | T11: 0 | U11: 0
A12: =B12&"-"&C12&"-"&D12&"-"&E12&"-"&F12&"-"&G12 -> 98304-1-98304-int8-int32-int32 | B12: 98304 | C12: 1 | D12: 98304 | E12: int8 | F12: int32 | G12: int32 | H12: 32768 | I12: 0 | J12: 0 | K12: 0 | L12: 64 | M12: 0 | N12: 633318697598976 | O12: 633350909853696 | P12: 175573.48 | Q12: 3607.14 | R12: 0 | S12: 0 | T12: 0 | U12: 0
A13: =B13&"-"&C13&"-"&D13&"-"&E13&"-"&F13&"-"&G13 -> 16384-1-16384-fp32-fp32-fp32 | B13: 16384 | C13: 1 | D13: 16384 | E13: fp32 | F13: fp32 | G13: fp32 | H13: 131072 | I13: 0 | J13: 0 | K13: 0 | L13: 64 | M13: 0 | N13: 70368744177664 | O13: 281509336449024 | P13: 51130.84 | Q13: 1376.25 | R13: 0 | S13: 0 | T13: 0 | U13: 0
... A26: =B26&"-"&C26&"-"&D26&"-"&E26&"-"&F26&"-"&G26 -> 4096-1-4096-fp8-fp8-fp32 | B26: 4096 | C26: 1 | D26: 4096 | E26: fp8 | F26: fp8 | G26: fp32 | H26: 524288 | I26: 0 | J26: 0 | K26: 0 | L26: 64 | M26: 0 | N26: 17592186044416 | O26: 17600775979008 | P26: 22451.72 | Q26: 783.56 | R26: 0 | S26: 0 | T26: 0 | U26: 0
A27: =B27&"-"&C27&"-"&D27&"-"&E27&"-"&F27&"-"&G27 -> 65536-1-65536-fp16-fp16-fp16 | B27: 65536 | C27: 1 | D27: 65536 | E27: fp16 | F27: fp16 | G27: fp16
A28: =B28&"-"&C28&"-"&D28&"-"&E28&"-"&F28&"-"&G28 -> 16384-1-16384-bf8-fp32-fp32 | B28: 16384 | C28: 1 | D28: 16384 | E28: bf8 | F28: fp32 | G28: fp32 | H28: 131072 | I28: 0 | J28: 0 | K28: 0 | L28: 64 | M28: 0 | N28: 70368744177664 | O28: 70390219014144 | P28: 54850.2 | Q28: 1282.93 | R28: 0 | S28: 0 | T28: 0 | U28: 0
A29: =B29&"-"&C29&"-"&D29&"-"&E29&"-"&F29&"-"&G29 -> 8192-1-8192-tf32-fp32-fp32 | B29: 8192 | C29: 1 | D29: 8192 | E29: tf32 | F29: fp32 | G29: fp32 | H29: 524288 | I29: 0 | J29: 0 | K29: 0 | L29: 64 | M29: 0 | N29: 70368744177664 | O29: 281543696187392 | P29: 77424.27 | Q29: 908.87 | R29: 0 | S29: 0 | T29: 0 | U29: 0
A30: =B30&"-"&C30&"-"&D30&"-"&E30&"-"&F30&"-"&G30 -> 4096-1-4096-tf32-fp32-fp32 | B30: 4096 | C30: 1 | D30: 4096 | E30: tf32 | F30: fp32 | G30: fp32 | H30: 524288 | I30: 0 | J30: 0 | K30: 0 | L30: 64 | M30: 0 | N30: 17592186044416 | O30: 70403103916032 | P30: 37597.23 | Q30: 467.91 | R30: 0 | S30: 0 | T30: 0 | U30: 0
A31: =B31&"-"&C31&"-"&D31&"-"&E31&"-"&F31&"-"&G31 -> 4096-1-4096-fp16-fp16-fp16 | B31: 4096 | C31: 1 | D31: 4096 | E31: fp16 | F31: fp16 | G31: fp16
A32: =B32&"-"&C32&"-"&D32&"-"&E32&"-"&F32&"-"&G32 -> 16384-1-16384-fp16-fp16-fp16 | B32: 16384 | C32: 1 | D32: 16384 | E32: fp16 | F32: fp16 | G32: fp16
A33: =B33&"-"&C33&"-"&D33&"-"&E33&"-"&F33&"-"&G33 -> 8192-1-8192-fp8-fp8-fp32 | B33: 8192 | C33: 1 | D33: 8192 | E33: fp8 | F33: fp8 | G33: fp32 | H33: 524288 | I33: 0 | J33: 0 | K33: 0 | L33: 64 | M33: 0 | N33: 70368744177664 | O33: 70385924046848 | P33: 54935.76 | Q33: 1280.93 | R33: 0 | S33: 0 | T33: 0 | U33: 0
A34: =B34&"-"&C34&"-"&D34&"-"&E34&"-"&F34&"-"&G34 -> 65536-1-65536-fp16-fp32-fp32 | B34: 65536 | C34: 1 | D34: 65536 | E34: fp16 | F34: fp32 | G34: fp32 | H34: 32768 | I34: 0 | J34: 0 | K34: 0 | L34: 64 | M34: 0 | N34: 281474976710656 | O34: 562975723225088 | P34: 65562.38 | Q34: 4293.24 | R34: 0 | S34: 0 | T34: 0 | U34: 0
A35: =B35&"-"&C35&"-"&D35&"-"&E35&"-"&F35&"-"&G35 -> 98304-1-98304-bf8-bf8-fp32 | B35: 98304 | C35: 1 | D35: 98304 | E35: bf8 | F35: bf8 | G35: fp32 | H35: 32768 | I35: 0 | J35: 0 | K35: 0 | L35: 64 | M35: 0 | N35: 633318697598976 | O35: 633331582500864 | P35: 444869.5 | Q35: 1423.61 | R35: 0 | S35: 0 | T35: 0 | U35: 0
A36: =B36&"-"&C36&"-"&D36&"-"&E36&"-"&F36&"-"&G36 -> 16384-1-16384-bf16-fp32-fp32 | B36: 16384 | C36: 1 | D36: 16384 | E36: bf16 | F36: fp32 | G36: fp32 | H36: 131072 | I36: 0 | J36: 0 | K36: 0 | L36: 64 | M36: 0 | N36: 70368744177664 | O36: 140763258159104 | P36: 18882 | Q36: 3726.76 | R36: 0 | S36: 0 | T36: 0 | U36: 0
A37: =B37&"-"&C37&"-"&D37&"-"&E37&"-"&F37&"-"&G37 -> 8192-1-8192-fp8-fp16-fp32 | B37: 8192 | C37: 1 | D37: 8192 | E37: fp8 | F37: fp16 | G37: fp32 | H37: 524288 | I37: 0 | J37: 0 | K37: 0 | L37: 64 | M37: 0 | N37: 70368744177664 | O37: 70394513981440 | P37: 54878.05 | Q37: 1282.27 | R37: 0 | S37: 0 | T37: 0 | U37: 0
A38: =B38&"-"&C38&"-"&D38&"-"&E38&"-"&F38&"-"&G38 -> 16384-1-16384-int8-int32-int32 | B38: 16384 | C38: 1 | D38: 16384 | E38: int8 | F38: int32 | G38: int32 | H38: 131072 | I38: 0 | J38: 0 | K38: 0 | L38: 64 | M38: 0 | N38: 70368744177664 | O38: 70390219014144 | P38: 45047.63 | Q38: 1562.1 | R38: 0 | S38: 0 | T38: 0 | U38: 0
A39: =B39&"-"&C39&"-"&D39&"-"&E39&"-"&F39&"-"&G39 -> 32768-1-32768-bf16-bf16-fp32 | B39: 32768 | C39: 1 | D39: 32768 | E39: bf16 | F39: bf16 | G39: fp32 | H39: 65536 | I39: 0 | J39: 0 | K39: 0 | L39: 64 | M39: 0 | N39: 140737488355328 | O39: 281492156579840 | P39: 32395.11 | Q39: 4344.41 | R39: 0 | S39: 0 | T39: 0 | U39: 0
A40: =B40&"-"&C40&"-"&D40&"-"&E40&"-"&F40&"-"&G40 -> 16384-1-16384-bf16-bf16-fp32 | B40: 16384 | C40: 1 | D40: 16384 | E40: bf16 | F40: bf16 | G40: fp32 | H40: 131072 | I40: 0 | J40: 0 | K40: 0 | L40: 64 | M40: 0 | N40: 70368744177664 | O40: 140754668224512 | P40: 21477.96 | Q40: 3276.32 | R40: 0 | S40: 0 | T40: 0 | U40: 0
A41: =B41&"-"&C41&"-"&D41&"-"&E41&"-"&F41&"-"&G41 -> 16384-1-16384-fp8-fp8-fp32 | B41: 16384 | C41: 1 | D41: 16384 | E41: fp8 | F41: fp8 | G41: fp32 | H41: 131072 | I41: 0 | J41: 0 | K41: 0 | L41: 64 | M41: 0 | N41: 70368744177664 | O41: 70377334112256 | P41: 54900.69 | Q41: 1281.75 | R41: 0 | S41: 0 | T41: 0 | U41: 0
A42: =B42&"-"&C42&"-"&D42&"-"&E42&"-"&F42&"-"&G42 -> 98304-1-98304-fp32-fp32-fp32 | B42: 98304 | C42: 1 | D42: 98304 | E42: fp32 | F42: fp32 | G42: fp32 | H42: 32768 | I42: 0 | J42: 0 | K42: 0 | L42: 64 | M42: 0 | N42: 633318697598976 | O42: 2.5333263e+15 | P42: 319136.12 | Q42: 1984.48 | R42: 0 | S42: 0 | T42: 0 | U42: 0
A43: =B43&"-"&C43&"-"&D43&"-"&E43&"-"&F43&"-"&G43 -> 8192-1-8192-fp16-fp16-fp16 | B43: 8192 | C43: 1 | D43: 8192 | E43: fp16 | F43: fp16 | G43: fp16
A44: =B44&"-"&C44&"-"&D44&"-"&E44&"-"&F44&"-"&G44 -> 8192-1-8192-bf16-fp32-fp32 | B44: 8192 | C44: 1 | D44: 8192 | E44: bf16 | F44: fp32 | G44: fp32 | H44: 524288 | I44: 0 | J44: 0 | K44: 0 | L44: 64 | M44: 0 | N44: 70368744177664 | O44: 140789027962880 | P44: 30861.12 | Q44: 2280.18 | R44: 0 | S44: 0 | T44: 0 | U44: 0
A45: =B45&"-"&C45&"-"&D45&"-"&E45&"-"&F45&"-"&G45 -> 98304-1-98304-fp8-fp8-fp32 | B45: 98304 | C45: 1 | D45: 98304 | E45: fp8 | F45: fp8 | G45: fp32 | H45: 32768 | I45: 0 | J45: 0 | K45: 0 | L45: 64 | M45: 0 | N45: 633318697598976 | O45: 633331582500864 | P45: 507056.31 | Q45: 1249.01 | R45: 0 | S45: 0 | T45: 0 | U45: 0
A46: =B46&"-"&C46&"-"&D46&"-"&E46&"-"&F46&"-"&G46 -> 4096-1-4096-bf8-bf8-fp32 | B46: 4096 | C46: 1 | D46: 4096 | E46: bf8 | F46: bf8 | G46: fp32 | H46: 524288 | I46: 0 | J46: 0 | K46: 0 | L46: 64 | M46: 0 | N46: 17592186044416 | O46: 17600775979008 | P46: 31612.61 | Q46: 556.49 | R46: 0 | S46: 0 | T46: 0 | U46: 0
A47: =B47&"-"&C47&"-"&D47&"-"&E47&"-"&F47&"-"&G47 -> 65536-1-65536-bf8-fp16-fp32 | B47: 65536 | C47: 1 | D47: 65536 | E47: bf8 | F47: fp16 | G47: fp32 | H47: 32768 | I47: 0 | J47: 0 | K47: 0 | L47: 64 | M47: 0 | N47: 281474976710656 | O47: 281487861612544 | P47: 198802.78 | Q47: 1415.85 | R47: 0 | S47: 0 | T47: 0 | U47: 0
A48: =B48&"-"&C48&"-"&D48&"-"&E48&"-"&F48&"-"&G48 -> 16384-1-16384-fp8-fp32-fp32 | B48: 16384 | C48: 1 | D48: 16384 | E48: fp8 | F48: fp32 | G48: fp32 | H48: 131072 | I48: 0 | J48: 0 | K48: 0 | L48: 64 | M48: 0 | N48: 70368744177664 | O48: 70390219014144 | P48: 54792.55 | Q48: 1284.28 | R48: 0 | S48: 0 | T48: 0 | U48: 0
A49: =B49&"-"&C49&"-"&D49&"-"&E49&"-"&F49&"-"&G49 -> 65536-1-65536-fp8-fp8-fp32 | B49: 65536 | C49: 1 | D49: 65536 | E49: fp8 | F49: fp8 | G49: fp32 | H49: 32768 | I49: 0 | J49: 0 | K49: 0 | L49: 64 | M49: 0 | N49: 281474976710656 | O49: 281483566645248 | P49: 198803.23 | Q49: 1415.85 | R49: 0 | S49: 0 | T49: 0 | U49: 0
A50: =B50&"-"&C50&"-"&D50&"-"&E50&"-"&F50&"-"&G50 -> 32768-1-32768-fp32-fp32-fp32 | B50: 32768 | C50: 1 | D50: 32768 | E50: fp32 | F50: fp32 | G50: fp32 | H50: 65536 | I50: 0 | J50: 0 | K50: 0 | L50: 64 | M50: 0 | N50: 140737488355328 | O50: 562984313159680 | P50: 85121.05 | Q50: 1653.38 | R50: 0 | S50: 0 | T50: 0 | U50: 0
A51: =B51&"-"&C51&"-"&D51&"-"&E51&"-"&F51&"-"&G51 -> 4096-1-4096-bf8-fp32-fp32 | B51: 4096 | C51: 1 | D51: 4096 | E51: bf8 | F51: fp32 | G51: fp32 | H51: 524288 | I51: 0 | J51: 0 | K51: 0 | L51: 64 | M51: 0 | N51: 17592186044416 | O51: 17613660880896 | P51: 22250.47 | Q51: 790.64 | R51: 0 | S51: 0 | T51: 0 | U51: 0
A52: =B52&"-"&C52&"-"&D52&"-"&E52&"-"&F52&"-"&G52 -> 98304-1-98304-bf8-fp32-fp32 | B52: 98304 | C52: 1 | D52: 98304 | E52: bf8 | F52: fp32 | G52: fp32 | H52: 32768 | I52: 0 | J52: 0 | K52: 0 | L52: 64 | M52: 0 | N52: 633318697598976 | O52: 633350909853696 | P52: 506663.97 | Q52: 1249.98 | R52: 0 | S52: 0 | T52: 0 | U52: 0
A53: =B53&"-"&C53&"-"&D53&"-"&E53&"-"&F53&"-"&G53 -> 65536-1-65536-fp8-fp16-fp32 | B53: 65536 | C53: 1 | D53: 65536 | E53: fp8 | F53: fp16 | G53: fp32 | H53: 32768 | I53: 0 | J53: 0 | K53: 0 | L53: 64 | M53: 0 | N53: 281474976710656 | O53: 281487861612544 | P53: 198861.2 | Q53: 1415.43 | R53: 0 | S53: 0 | T53: 0 | U53: 0
A54: =B54&"-"&C54&"-"&D54&"-"&E54&"-"&F54&"-"&G54 -> 8192-1-8192-bf8-fp32-fp32 | B54: 8192 | C54: 1 | D54: 8192 | E54: bf8 | F54: fp32 | G54: fp32 | H54: 524288 | I54: 0 | J54: 0 | K54: 0 | L54: 64 | M54: 0 | N54: 70368744177664 | O54: 70411693850624 | P54: 54661.93 | Q54: 1287.34 | R54: 0 | S54: 0 | T54: 0 | U54: 0
A55: =B55&"-"&C55&"-"&D55&"-"&E55&"-"&F55&"-"&G55 -> 32768-1-32768-bf8-bf8-fp32 | B55: 32768 | C55: 1 | D55: 32768 | E55: bf8 | F55: bf8 | G55: fp32 | H55: 65536 | I55: 0 | J55: 0 | K55: 0 | L55: 64 | M55: 0 | N55: 140737488355328 | O55: 140746078289920 | P55: 103041.77 | Q55: 1365.83 | R55: 0 | S55: 0 | T55: 0 | U55: 0
... A85: =B85&"-"&C85&"-"&D85&"-"&E85&"-"&F85&"-"&G85 -> 4096-1-4096-fp16-fp16-fp32 | B85: 4096 | C85: 1 | D85: 4096 | E85: fp16 | F85: fp16 | G85: fp32 | H85: 524288 | I85: 0 | J85: 0 | K85: 0 | L85: 64 | M85: 0 | N85: 17592186044416 | O85: 35201551958016 | P85: 17820.84 | Q85: 987.17 | R85: 0 | S85: 0 | T85: 0 | U85: 0
A86: =B86&"-"&C86&"-"&D86&"-"&E86&"-"&F86&"-"&G86 -> 98304-1-98304-fp16-fp16-fp16 | B86: 98304 | C86: 1 | D86: 98304 | E86: fp16 | F86: fp16 | G86: fp16
A87: =B87&"-"&C87&"-"&D87&"-"&E87&"-"&F87&"-"&G87 -> 98304-1-98304-bf16-fp32-fp32 | B87: 98304 | C87: 1 | D87: 98304 | E87: bf16 | F87: fp32 | G87: fp32 | H87: 32768 | I87: 0 | J87: 0 | K87: 0 | L87: 64 | M87: 0 | N87: 633318697598976 | O87: 1.266676e+15 | P87: 148206.2 | Q87: 4273.23 | R87: 0 | S87: 0 | T87: 0 | U87: 0
A88: =B88&"-"&C88&"-"&D88&"-"&E88&"-"&F88&"-"&G88 -> 8192-1-8192-bf8-bf8-fp32 | B88: 8192 | C88: 1 | D88: 8192 | E88: bf8 | F88: bf8 | G88: fp32 | H88: 524288 | I88: 0 | J88: 0 | K88: 0 | L88: 64 | M88: 0 | N88: 70368744177664 | O88: 70385924046848 | P88: 55239.05 | Q88: 1273.89 | R88: 0 | S88: 0 | T88: 0 | U88: 0
A89: =B89&"-"&C89&"-"&D89&"-"&E89&"-"&F89&"-"&G89 -> 32768-1-32768-fp16-fp16-fp16 | B89: 32768 | C89: 1 | D89: 32768 | E89: fp16 | F89: fp16 | G89: fp16
A90: =B90&"-"&C90&"-"&D90&"-"&E90&"-"&F90&"-"&G90 -> 32768-1-32768-fp8-fp16-fp32 | B90: 32768 | C90: 1 | D90: 32768 | E90: fp8 | F90: fp16 | G90: fp32 | H90: 65536 | I90: 0 | J90: 0 | K90: 0 | L90: 64 | M90: 0 | N90: 140737488355328 | O90: 140750373257216 | P90: 102463.23 | Q90: 1373.54 | R90: 0 | S90: 0 | T90: 0 | U90: 0
A91: =B91&"-"&C91&"-"&D91&"-"&E91&"-"&F91&"-"&G91 -> 32768-1-32768-tf32-fp32-fp32 | B91: 32768 | C91: 1 | D91: 32768 | E91: tf32 | F91: fp32 | G91: fp32 | H91: 65536 | I91: 0 | J91: 0 | K91: 0 | L91: 64 | M91: 0 | N91: 140737488355328 | O91: 562984313159680 | P91: 102331.31 | Q91: 1375.31 | R91: 0 | S91: 0 | T91: 0 | U91: 0

Sheet hipblaslt_mi325x_750W_Auto_GF
B1: M | C1: N | D1: K | E1: mul | F1: acc | G1: scale | H1: n_iter | I1: n_thread | J1: n_wg | K1: n_wf | L1: wf_size | M1: wg_size | N1: n_flops | O1: n_bytes | P1: time_ms | Q1: gflop/s | R1: avg_clock | S1: max_clock | T1: min_clock | U1: stdev_clock
A2: =B2&"-"&C2&"-"&D2&"-"&E2&"-"&F2&"-"&G2 -> 4096-1-4096-fp16-fp32-fp32 | B2: 4096 | C2: 1 | D2: 4096 | E2: fp16 | F2: fp32 | G2: fp32 | H2: 524288 | I2: 0 | J2: 0 | K2: 0 | L2: 64 | M2: 0 | N2: 17592186044416 | O2: 35210141892608 | P2: 17104.72 | Q2: 1028.5 | R2: 0 | S2: 0 | T2: 0 | U2: 0
A3: =B3&"-"&C3&"-"&D3&"-"&E3&"-"&F3&"-"&G3 -> 4096-1-4096-bf8-fp16-fp32 | B3: 4096 | C3: 1 | D3: 4096 | E3: bf8 | F3: fp16 | G3: fp32 | H3: 524288 | I3: 0 | J3: 0 | K3: 0 | L3: 64 | M3: 0 | N3: 17592186044416 | O3: 17605070946304 | P3: 21685.33 | Q3: 811.25 | R3: 0 | S3: 0 | T3: 0 | U3: 0
A4: =B4&"-"&C4&"-"&D4&"-"&E4&"-"&F4&"-"&G4 -> 8192-1-8192-fp32-fp32-fp32 | B4: 8192 | C4: 1 | D4: 8192 | E4: fp32 | F4: fp32 | G4: fp32 | H4: 524288 | I4: 0 | J4: 0 | K4: 0 | L4: 64 | M4: 0 | N4: 70368744177664 | O4: 281543696187392 | P4: 74004.93 | Q4: 950.87 | R4: 0 | S4: 0 | T4: 0 | U4: 0
A5: =B5&"-"&C5&"-"&D5&"-"&E5&"-"&F5&"-"&G5 -> 8192-1-8192-fp16-fp16-fp32 | B5: 8192 | C5: 1 | D5: 8192 | E5: fp16 | F5: fp16 | G5: fp32 | H5: 524288 | I5: 0 | J5: 0 | K5: 0 | L5: 64 | M5: 0 | N5: 70368744177664 | O5: 140771848093696 | P5: 30704.18 | Q5: 2291.83 | R5: 0 | S5: 0 | T5: 0 | U5: 0
A6: =B6&"-"&C6&"-"&D6&"-"&E6&"-"&F6&"-"&G6 -> 8192-1-8192-fp8-fp32-fp32 | B6: 8192 | C6: 1 | D6: 8192 | E6: fp8 | F6: fp32 | G6: fp32 | H6: 524288 | I6: 0 | J6: 0 | K6: 0 | L6: 64 | M6: 0 | N6: 70368744177664 | O6: 70411693850624 | P6: 54019.93 | Q6: 1302.64 | R6: 0 | S6: 0 | T6: 0 | U6: 0
A7: =B7&"-"&C7&"-"&D7&"-"&E7&"-"&F7&"-"&G7 -> 65536-1-65536-tf32-fp32-fp32 | B7: 65536 | C7: 1 | D7: 65536 | E7: tf32 | F7: fp32 | G7: fp32 | H7: 32768 | I7: 0 | J7: 0 | K7: 0 | L7: 64 | M7: 0 | N7: 281474976710656 | O7: 1.1259343e+15 | P7: 298759.03 | Q7: 942.15 | R7: 0 | S7: 0 | T7: 0 | U7: 0
A8: =B8&"-"&C8&"-"&D8&"-"&E8&"-"&F8&"-"&G8 -> 4096-1-4096-fp64-fp64-fp64 | B8: 4096 | C8: 1 | D8: 4096 | E8: fp64 | F8: fp64 | G8: fp64 | H8: 524288 | I8: 0 | J8: 0 | K8: 0 | L8: 64 | M8: 0 | N8: 17592186044416 | O8: 140806207832064 | P8: 8970.68 | Q8: 1961.08 | R8: 0 | S8: 0 | T8: 0 | U8: 0
A9: =B9&"-"&C9&"-"&D9&"-"&E9&"-"&F9&"-"&G9 -> 16384-1-16384-fp64-fp64-fp64 | B9: 16384 | C9: 1 | D9: 16384 | E9: fp64 | F9: fp64 | G9: fp64 | H9: 131072 | I9: 0 | J9: 0 | K9: 0 | L9: 64 | M9: 0 | N9: 70368744177664 | O9: 563018672898048 | P9: 2343.29 | Q9: 30029.87 | R9: 0 | S9: 0 | T9: 0 | U9: 0
A10: =B10&"-"&C10&"-"&D10&"-"&E10&"-"&F10&"-"&G10 -> 32768-1-32768-bf16-fp32-fp32 | B10: 32768 | C10: 1 | D10: 32768 | E10: bf16 | F10: fp32 | G10: fp32 | H10: 65536 | I10: 0 | J10: 0 | K10: 0 | L10: 64 | M10: 0 | N10: 140737488355328 | O10: 281500746514432 | P10: 37291.93 | Q10: 3773.94 | R10: 0 | S10: 0 | T10: 0 | U10: 0
A11: =B11&"-"&C11&"-"&D11&"-"&E11&"-"&F11&"-"&G11 -> 8192-1-8192-fp16-fp32-fp32 | B11: 8192 | C11: 1 | D11: 8192 | E11: fp16 | F11: fp32 | G11: fp32 | H11: 524288 | I11: 0 | J11: 0 | K11: 0 | L11: 64 | M11: 0 | N11: 70368744177664 | O11: 140789027962880 | P11: 30435.78 | Q11: 2312.04 | R11: 0 | S11: 0 | T11: 0 | U11: 0
A12: =B12&"-"&C12&"-"&D12&"-"&E12&"-"&F12&"-"&G12 -> 98304-1-98304-int8-int32-int32 | B12: 98304 | C12: 1 | D12: 98304 | E12: int8 | F12: int32 | G12: int32 | H12: 32768 | I12: 0 | J12: 0 | K12: 0 | L12: 64 | M12: 0 | N12: 633318697598976 | O12: 633350909853696 | P12: 177734.62 | Q12: 3563.28 | R12: 0 | S12: 0 | T12: 0 | U12: 0
A13: =B13&"-"&C13&"-"&D13&"-"&E13&"-"&F13&"-"&G13 -> 16384-1-16384-fp32-fp32-fp32 | B13: 16384 | C13: 1 | D13: 16384 | E13: fp32 | F13: fp32 | G13: fp32 | H13: 131072 | I13: 0 | J13: 0 | K13: 0 | L13: 64 | M13: 0 | N13: 70368744177664 | O13: 281509336449024 | P13: 51459.82 | Q13: 1367.45 | R13: 0 | S13: 0 | T13: 0 | U13: 0
... A26: =B26&"-"&C26&"-"&D26&"-"&E26&"-"&F26&"-"&G26 -> 4096-1-4096-fp8-fp8-fp32 | B26: 4096 | C26: 1 | D26: 4096 | E26: fp8 | F26: fp8 | G26: fp32 | H26: 524288 | I26: 0 | J26: 0 | K26: 0 | L26: 64 | M26: 0 | N26: 17592186044416 | O26: 17600775979008 | P26: 21831.32 | Q26: 805.82 | R26: 0 | S26: 0 | T26: 0 | U26: 0
A27: =B27&"-"&C27&"-"&D27&"-"&E27&"-"&F27&"-"&G27 -> 65536-1-65536-fp16-fp16-fp16 | B27: 65536 | C27: 1 | D27: 65536 | E27: fp16 | F27: fp16 | G27: fp16
A28: =B28&"-"&C28&"-"&D28&"-"&E28&"-"&F28&"-"&G28 -> 16384-1-16384-bf8-fp32-fp32 | B28: 16384 | C28: 1 | D28: 16384 | E28: bf8 | F28: fp32 | G28: fp32 | H28: 131072 | I28: 0 | J28: 0 | K28: 0 | L28: 64 | M28: 0 | N28: 70368744177664 | O28: 70390219014144 | P28: 54614.11 | Q28: 1288.47 | R28: 0 | S28: 0 | T28: 0 | U28: 0
A29: =B29&"-"&C29&"-"&D29&"-"&E29&"-"&F29&"-"&G29 -> 8192-1-8192-tf32-fp32-fp32 | B29: 8192 | C29: 1 | D29: 8192 | E29: tf32 | F29: fp32 | G29: fp32 | H29: 524288 | I29: 0 | J29: 0 | K29: 0 | L29: 64 | M29: 0 | N29: 70368744177664 | O29: 281543696187392 | P29: 74029.46 | Q29: 950.55 | R29: 0 | S29: 0 | T29: 0 | U29: 0
A30: =B30&"-"&C30&"-"&D30&"-"&E30&"-"&F30&"-"&G30 -> 4096-1-4096-tf32-fp32-fp32 | B30: 4096 | C30: 1 | D30: 4096 | E30: tf32 | F30: fp32 | G30: fp32 | H30: 524288 | I30: 0 | J30: 0 | K30: 0 | L30: 64 | M30: 0 | N30: 17592186044416 | O30: 70403103916032 | P30: 37153.53 | Q30: 473.5 | R30: 0 | S30: 0 | T30: 0 | U30: 0
A31: =B31&"-"&C31&"-"&D31&"-"&E31&"-"&F31&"-"&G31 -> 4096-1-4096-fp16-fp16-fp16 | B31: 4096 | C31: 1 | D31: 4096 | E31: fp16 | F31: fp16 | G31: fp16
A32: =B32&"-"&C32&"-"&D32&"-"&E32&"-"&F32&"-"&G32 -> 16384-1-16384-fp16-fp16-fp16 | B32: 16384 | C32: 1 | D32: 16384 | E32: fp16 | F32: fp16 | G32: fp16
A33: =B33&"-"&C33&"-"&D33&"-"&E33&"-"&F33&"-"&G33 -> 8192-1-8192-fp8-fp8-fp32 | B33: 8192 | C33: 1 | D33: 8192 | E33: fp8 | F33: fp8 | G33: fp32 | H33: 524288 | I33: 0 | J33: 0 | K33: 0 | L33: 64 | M33: 0 | N33: 70368744177664 | O33: 70385924046848 | P33: 54227.81 | Q33: 1297.65 | R33: 0 | S33: 0 | T33: 0 | U33: 0
A34: =B34&"-"&C34&"-"&D34&"-"&E34&"-"&F34&"-"&G34 -> 65536-1-65536-fp16-fp32-fp32 | B34: 65536 | C34: 1 | D34: 65536 | E34: fp16 | F34: fp32 | G34: fp32 | H34: 32768 | I34: 0 | J34: 0 | K34: 0 | L34: 64 | M34: 0 | N34: 281474976710656 | O34: 562975723225088 | P34: 63600.12 | Q34: 4425.7 | R34: 0 | S34: 0 | T34: 0 | U34: 0
A35: =B35&"-"&C35&"-"&D35&"-"&E35&"-"&F35&"-"&G35 -> 98304-1-98304-bf8-bf8-fp32 | B35: 98304 | C35: 1 | D35: 98304 | E35: bf8 | F35: bf8 | G35: fp32 | H35: 32768 | I35: 0 | J35: 0 | K35: 0 | L35: 64 | M35: 0 | N35: 633318697598976 | O35: 633331582500864 | P35: 447207.25 | Q35: 1416.16 | R35: 0 | S35: 0 | T35: 0 | U35: 0
A36: =B36&"-"&C36&"-"&D36&"-"&E36&"-"&F36&"-"&G36 -> 16384-1-16384-bf16-fp32-fp32 | B36: 16384 | C36: 1 | D36: 16384 | E36: bf16 | F36: fp32 | G36: fp32 | H36: 131072 | I36: 0 | J36: 0 | K36: 0 | L36: 64 | M36: 0 | N36: 70368744177664 | O36: 140763258159104 | P36: 18764.86 | Q36: 3750.03 | R36: 0 | S36: 0 | T36: 0 | U36: 0
A37: =B37&"-"&C37&"-"&D37&"-"&E37&"-"&F37&"-"&G37 -> 8192-1-8192-fp8-fp16-fp32 | B37: 8192 | C37: 1 | D37: 8192 | E37: fp8 | F37: fp16 | G37: fp32 | H37: 524288 | I37: 0 | J37: 0 | K37: 0 | L37: 64 | M37: 0 | N37: 70368744177664 | O37: 70394513981440 | P37: 53897.86 | Q37: 1305.59 | R37: 0 | S37: 0 | T37: 0 | U37: 0
A38: =B38&"-"&C38&"-"&D38&"-"&E38&"-"&F38&"-"&G38 -> 16384-1-16384-int8-int32-int32 | B38: 16384 | C38: 1 | D38: 16384 | E38: int8 | F38: int32 | G38: int32 | H38: 131072 | I38: 0 | J38: 0 | K38: 0 | L38: 64 | M38: 0 | N38: 70368744177664 | O38: 70390219014144 | P38: 45299.13 | Q38: 1553.42 | R38: 0 | S38: 0 | T38: 0 | U38: 0
A39: =B39&"-"&C39&"-"&D39&"-"&E39&"-"&F39&"-"&G39 -> 32768-1-32768-bf16-bf16-fp32 | B39: 32768 | C39: 1 | D39: 32768 | E39: bf16 | F39: bf16 | G39: fp32 | H39: 65536 | I39: 0 | J39: 0 | K39: 0 | L39: 64 | M39: 0 | N39: 140737488355328 | O39: 281492156579840 | P39: 32047.4 | Q39: 4391.54 | R39: 0 | S39: 0 | T39: 0 | U39: 0
A40: =B40&"-"&C40&"-"&D40&"-"&E40&"-"&F40&"-"&G40 -> 16384-1-16384-bf16-bf16-fp32 | B40: 16384 | C40: 1 | D40: 16384 | E40: bf16 | F40: bf16 | G40: fp32 | H40: 131072 | I40: 0 | J40: 0 | K40: 0 | L40: 64 | M40: 0 | N40: 70368744177664 | O40: 140754668224512 | P40: 20634.04 | Q40: 3410.32 | R40: 0 | S40: 0 | T40: 0 | U40: 0
A41: =B41&"-"&C41&"-"&D41&"-"&E41&"-"&F41&"-"&G41 -> 16384-1-16384-fp8-fp8-fp32 | B41: 16384 | C41: 1 | D41: 16384 | E41: fp8 | F41: fp8 | G41: fp32 | H41: 131072 | I41: 0 | J41: 0 | K41: 0 | L41: 64 | M41: 0 | N41: 70368744177664 | O41: 70377334112256 | P41: 54518.18 | Q41: 1290.74 | R41: 0 | S41: 0 | T41: 0 | U41: 0
A42: =B42&"-"&C42&"-"&D42&"-"&E42&"-"&F42&"-"&G42 -> 98304-1-98304-fp32-fp32-fp32 | B42: 98304 | C42: 1 | D42: 98304 | E42: fp32 | F42: fp32 | G42: fp32 | H42: 32768 | I42: 0 | J42: 0 | K42: 0 | L42: 64 | M42: 0 | N42: 633318697598976 | O42: 2.5333263e+15 | P42: 307751.81 | Q42: 2057.89 | R42: 0 | S42: 0 | T42: 0 | U42: 0
A43: =B43&"-"&C43&"-"&D43&"-"&E43&"-"&F43&"-"&G43 -> 8192-1-8192-fp16-fp16-fp16 | B43: 8192 | C43: 1 | D43: 8192 | E43: fp16 | F43: fp16 | G43: fp16
A44: =B44&"-"&C44&"-"&D44&"-"&E44&"-"&F44&"-"&G44 -> 8192-1-8192-bf16-fp32-fp32 | B44: 8192 | C44: 1 | D44: 8192 | E44: bf16 | F44: fp32 | G44: fp32 | H44: 524288 | I44: 0 | J44: 0 | K44: 0 | L44: 64 | M44: 0 | N44: 70368744177664 | O44: 140789027962880 | P44: 30365.77 | Q44: 2317.37 | R44: 0 | S44: 0 | T44: 0 | U44: 0
A45: =B45&"-"&C45&"-"&D45&"-"&E45&"-"&F45&"-"&G45 -> 98304-1-98304-fp8-fp8-fp32 | B45: 98304 | C45: 1 | D45: 98304 | E45: fp8 | F45: fp8 | G45: fp32 | H45: 32768 | I45: 0 | J45: 0 | K45: 0 | L45: 64 | M45: 0 | N45: 633318697598976 | O45: 633331582500864 | P45: 512754.28 | Q45: 1235.13 | R45: 0 | S45: 0 | T45: 0 | U45: 0
A46: =B46&"-"&C46&"-"&D46&"-"&E46&"-"&F46&"-"&G46 -> 4096-1-4096-bf8-bf8-fp32 | B46: 4096 | C46: 1 | D46: 4096 | E46: bf8 | F46: bf8 | G46: fp32 | H46: 524288 | I46: 0 | J46: 0 | K46: 0 | L46: 64 | M46: 0 | N46: 17592186044416 | O46: 17600775979008 | P46: 31149.22 | Q46: 564.77 | R46: 0 | S46: 0 | T46: 0 | U46: 0
A47: =B47&"-"&C47&"-"&D47&"-"&E47&"-"&F47&"-"&G47 -> 65536-1-65536-bf8-fp16-fp32 | B47: 65536 | C47: 1 | D47: 65536 | E47: bf8 | F47: fp16 | G47: fp32 | H47: 32768 | I47: 0 | J47: 0 | K47: 0 | L47: 64 | M47: 0 | N47: 281474976710656 | O47: 281487861612544 | P47: 199338.59 | Q47: 1412.04 | R47: 0 | S47: 0 | T47: 0 | U47: 0
A48: =B48&"-"&C48&"-"&D48&"-"&E48&"-"&F48&"-"&G48 -> 16384-1-16384-fp8-fp32-fp32 | B48: 16384 | C48: 1 | D48: 16384 | E48: fp8 | F48: fp32 | G48: fp32 | H48: 131072 | I48: 0 | J48: 0 | K48: 0 | L48: 64 | M48: 0 | N48: 70368744177664 | O48: 70390219014144 | P48: 54751.93 | Q48: 1285.23 | R48: 0 | S48: 0 | T48: 0 | U48: 0
A49: =B49&"-"&C49&"-"&D49&"-"&E49&"-"&F49&"-"&G49 -> 65536-1-65536-fp8-fp8-fp32 | B49: 65536 | C49: 1 | D49: 65536 | E49: fp8 | F49: fp8 | G49: fp32 | H49: 32768 | I49: 0 | J49: 0 | K49: 0 | L49: 64 | M49: 0 | N49: 281474976710656 | O49: 281483566645248 | P49: 199322.2 | Q49: 1412.16 | R49: 0 | S49: 0 | T49: 0 | U49: 0
A50: =B50&"-"&C50&"-"&D50&"-"&E50&"-"&F50&"-"&G50 -> 32768-1-32768-fp32-fp32-fp32 | B50: 32768 | C50: 1 | D50: 32768 | E50: fp32 | F50: fp32 | G50: fp32 | H50: 65536 | I50: 0 | J50: 0 | K50: 0 | L50: 64 | M50: 0 | N50: 140737488355328 | O50: 562984313159680 | P50: 86899.88 | Q50: 1619.54 | R50: 0 | S50: 0 | T50: 0 | U50: 0
A51: =B51&"-"&C51&"-"&D51&"-"&E51&"-"&F51&"-"&G51 -> 4096-1-4096-bf8-fp32-fp32 | B51: 4096 | C51: 1 | D51: 4096 | E51: bf8 | F51: fp32 | G51: fp32 | H51: 524288 | I51: 0 | J51: 0 | K51: 0 | L51: 64 | M51: 0 | N51: 17592186044416 | O51: 17613660880896 | P51: 21714.45 | Q51: 810.16 | R51: 0 | S51: 0 | T51: 0 | U51: 0
A52: =B52&"-"&C52&"-"&D52&"-"&E52&"-"&F52&"-"&G52 -> 98304-1-98304-bf8-fp32-fp32 | B52: 98304 | C52: 1 | D52: 98304 | E52: bf8 | F52: fp32 | G52: fp32 | H52: 32768 | I52: 0 | J52: 0 | K52: 0 | L52: 64 | M52: 0 | N52: 633318697598976 | O52: 633350909853696 | P52: 512869.16 | Q52: 1234.85 | R52: 0 | S52: 0 | T52: 0 | U52: 0
A53: =B53&"-"&C53&"-"&D53&"-"&E53&"-"&F53&"-"&G53 -> 65536-1-65536-fp8-fp16-fp32 | B53: 65536 | C53: 1 | D53: 65536 | E53: fp8 | F53: fp16 | G53: fp32 | H53: 32768 | I53: 0 | J53: 0 | K53: 0 | L53: 64 | M53: 0 | N53: 281474976710656 | O53: 281487861612544 | P53: 199192.5 | Q53: 1413.08 | R53: 0 | S53: 0 | T53: 0 | U53: 0
A54: =B54&"-"&C54&"-"&D54&"-"&E54&"-"&F54&"-"&G54 -> 8192-1-8192-bf8-fp32-fp32 | B54: 8192 | C54: 1 | D54: 8192 | E54: bf8 | F54: fp32 | G54: fp32 | H54: 524288 | I54: 0 | J54: 0 | K54: 0 | L54: 64 | M54: 0 | N54: 70368744177664 | O54: 70411693850624 | P54: 53910.07 | Q54: 1305.3 | R54: 0 | S54: 0 | T54: 0 | U54: 0
A55: =B55&"-"&C55&"-"&D55&"-"&E55&"-"&F55&"-"&G55 -> 32768-1-32768-bf8-bf8-fp32 | B55: 32768 | C55: 1 | D55: 32768 | E55: bf8 | F55: bf8 | G55: fp32 | H55: 65536 | I55: 0 | J55: 0 | K55: 0 | L55: 64 | M55: 0 | N55: 140737488355328 | O55: 140746078289920 | P55: 103454.07 | Q55: 1360.39 | R55: 0 | S55: 0 | T55: 0 | U55: 0
... A85: =B85&"-"&C85&"-"&D85&"-"&E85&"-"&F85&"-"&G85 -> 4096-1-4096-fp16-fp16-fp32 | B85: 4096 | C85: 1 | D85: 4096 | E85: fp16 | F85: fp16 | G85: fp32 | H85: 524288 | I85: 0 | J85: 0 | K85: 0 | L85: 64 | M85: 0 | N85: 17592186044416 | O85: 35201551958016 | P85: 17556.98 | Q85: 1002 | R85: 0 | S85: 0 | T85: 0 | U85: 0
A86: =B86&"-"&C86&"-"&D86&"-"&E86&"-"&F86&"-"&G86 -> 98304-1-98304-fp16-fp16-fp16 | B86: 98304 | C86: 1 | D86: 98304 | E86: fp16 | F86: fp16 | G86: fp16
A87: =B87&"-"&C87&"-"&D87&"-"&E87&"-"&F87&"-"&G87 -> 98304-1-98304-bf16-fp32-fp32 | B87: 98304 | C87: 1 | D87: 98304 | E87: bf16 | F87: fp32 | G87: fp32 | H87: 32768 | I87: 0 | J87: 0 | K87: 0 | L87: 64 | M87: 0 | N87: 633318697598976 | O87: 1.266676e+15 | P87: 144561.58 | Q87: 4380.96 | R87: 0 | S87: 0 | T87: 0 | U87: 0
A88: =B88&"-"&C88&"-"&D88&"-"&E88&"-"&F88&"-"&G88 -> 8192-1-8192-bf8-bf8-fp32 | B88: 8192 | C88: 1 | D88: 8192 | E88: bf8 | F88: bf8 | G88: fp32 | H88: 524288 | I88: 0 | J88: 0 | K88: 0 | L88: 64 | M88: 0 | N88: 70368744177664 | O88: 70385924046848 | P88: 54685.41 | Q88: 1286.79 | R88: 0 | S88: 0 | T88: 0 | U88: 0
A89: =B89&"-"&C89&"-"&D89&"-"&E89&"-"&F89&"-"&G89 -> 32768-1-32768-fp16-fp16-fp16 | B89: 32768 | C89: 1 | D89: 32768 | E89: fp16 | F89: fp16 | G89: fp16
A90: =B90&"-"&C90&"-"&D90&"-"&E90&"-"&F90&"-"&G90 -> 32768-1-32768-fp8-fp16-fp32 | B90: 32768 | C90: 1 | D90: 32768 | E90: fp8 | F90: fp16 | G90: fp32 | H90: 65536 | I90: 0 | J90: 0 | K90: 0 | L90: 64 | M90: 0 | N90: 140737488355328 | O90: 140750373257216 | P90: 102154.34 | Q90: 1377.69 | R90: 0 | S90: 0 | T90: 0 | U90: 0
A91: =B91&"-"&C91&"-"&D91&"-"&E91&"-"&F91&"-"&G91 -> 32768-1-32768-tf32-fp32-fp32 | B91: 32768 | C91: 1 | D91: 32768 | E91: tf32 | F91: fp32 | G91: fp32 | H91: 65536 | I91: 0 | J91: 0 | K91: 0 | L91: 64 | M91: 0 | N91: 140737488355328 | O91: 562984313159680 | P91: 102805.16 | Q91: 1368.97 | R91: 0 | S91: 0 | T91: 0 | U91: 0

Sheet hipblaslt_mi325x_750W_Manual_GF
B1: M | C1: N | D1: K | E1: mul | F1: acc | G1: scale | H1: n_iter | I1: n_thread | J1: n_wg | K1: n_wf | L1: wf_size | M1: wg_size | N1: n_flops | O1: n_bytes | P1: time_ms | Q1: gflop/s | R1: avg_clock | S1: max_clock | T1: min_clock | U1: stdev_clock
A2: =B2&"-"&C2&"-"&D2&"-"&E2&"-"&F2&"-"&G2 -> 4096-1-4096-fp16-fp32-fp32 | B2: 4096 | C2: 1 | D2: 4096 | E2: fp16 | F2: fp32 | G2: fp32 | H2: 524288 | I2: 0 | J2: 0 | K2: 0 | L2: 64 | M2: 0 | N2: 17592186044416 | O2: 35210141892608 | P2: 20515.09 | Q2: 857.52 | R2: 0 | S2: 0 | T2: 0 | U2: 0
A3: =B3&"-"&C3&"-"&D3&"-"&E3&"-"&F3&"-"&G3 -> 4096-1-4096-bf8-fp16-fp32 | B3: 4096 | C3: 1 | D3: 4096 | E3: bf8 | F3: fp16 | G3: fp32 | H3: 524288 | I3: 0 | J3: 0 | K3: 0 | L3: 64 | M3: 0 | N3: 17592186044416 | O3: 17605070946304 | P3: 25467.42 | Q3: 690.77 | R3: 0 | S3: 0 | T3: 0 | U3: 0
A4: =B4&"-"&C4&"-"&D4&"-"&E4&"-"&F4&"-"&G4 -> 8192-1-8192-fp32-fp32-fp32 | B4: 8192 | C4: 1 | D4: 8192 | E4: fp32 | F4: fp32 | G4: fp32 | H4: 524288 | I4: 0 | J4: 0 | K4: 0 | L4: 64 | M4: 0 | N4: 70368744177664 | O4: 281543696187392 | P4: 106861.75 | Q4: 658.5 | R4: 0 | S4: 0 | T4: 0 | U4: 0
A5: =B5&"-"&C5&"-"&D5&"-"&E5&"-"&F5&"-"&G5 -> 8192-1-8192-fp16-fp16-fp32 | B5: 8192 | C5: 1 | D5: 8192 | E5: fp16 | F5: fp16 | G5: fp32 | H5: 524288 | I5: 0 | J5: 0 | K5: 0 | L5: 64 | M5: 0 | N5: 70368744177664 | O5: 140771848093696 | P5: 38164.29 | Q5: 1843.84 | R5: 0 | S5: 0 | T5: 0 | U5: 0
A6: =B6&"-"&C6&"-"&D6&"-"&E6&"-"&F6&"-"&G6 -> 8192-1-8192-fp8-fp32-fp32 | B6: 8192 | C6: 1 | D6: 8192 | E6: fp8 | F6: fp32 | G6: fp32 | H6: 524288 | I6: 0 | J6: 0 | K6: 0 | L6: 64 | M6: 0 | N6: 70368744177664 | O6: 70411693850624 | P6: 55580.52 | Q6: 1266.07 | R6: 0 | S6: 0 | T6: 0 | U6: 0
A7: =B7&"-"&C7&"-"&D7&"-"&E7&"-"&F7&"-"&G7 -> 65536-1-65536-tf32-fp32-fp32 | B7: 65536 | C7: 1 | D7: 65536 | E7: tf32 | F7: fp32 | G7: fp32 | H7: 32768 | I7: 0 | J7: 0 | K7: 0 | L7: 64 | M7: 0 | N7: 281474976710656 | O7: 1.1259343e+15 | P7: 333835 | Q7: 843.16 | R7: 0 | S7: 0 | T7: 0 | U7: 0
A8: =B8&"-"&C8&"-"&D8&"-"&E8&"-"&F8&"-"&G8 -> 4096-1-4096-fp64-fp64-fp64 | B8: 4096 | C8: 1 | D8: 4096 | E8: fp64 | F8: fp64 | G8: fp64 | H8: 524288 | I8: 0 | J8: 0 | K8: 0 | L8: 64 | M8: 0 | N8: 17592186044416 | O8: 140806207832064 | P8: 9957.8 | Q8: 1766.67 | R8: 0 | S8: 0 | T8: 0 | U8: 0
A9: =B9&"-"&C9&"-"&D9&"-"&E9&"-"&F9&"-"&G9 -> 16384-1-16384-fp64-fp64-fp64 | B9: 16384 | C9: 1 | D9: 16384 | E9: fp64 | F9: fp64 | G9: fp64 | H9: 131072 | I9: 0 | J9: 0 | K9: 0 | L9: 64 | M9: 0 | N9: 70368744177664 | O9: 563018672898048 | P9: 2664.35 | Q9: 26411.25 | R9: 0 | S9: 0 | T9: 0 | U9: 0
A10: =B10&"-"&C10&"-"&D10&"-"&E10&"-"&F10&"-"&G10 -> 32768-1-32768-bf16-fp32-fp32 | B10: 32768 | C10: 1 | D10: 32768 | E10: bf16 | F10: fp32 | G10: fp32 | H10: 65536 | I10: 0 | J10: 0 | K10: 0 | L10: 64 | M10: 0 | N10: 140737488355328 | O10: 281500746514432 | P10: 42821.66 | Q10: 3286.6 | R10: 0 | S10: 0 | T10: 0 | U10: 0
A11: =B11&"-"&C11&"-"&D11&"-"&E11&"-"&F11&"-"&G11 -> 8192-1-8192-fp16-fp32-fp32 | B11: 8192 | C11: 1 | D11: 8192 | E11: fp16 | F11: fp32 | G11: fp32 | H11: 524288 | I11: 0 | J11: 0 | K11: 0 | L11: 64 | M11: 0 | N11: 70368744177664 | O11: 140789027962880 | P11: 38001.04 | Q11: 1851.76 | R11: 0 | S11: 0 | T11: 0 | U11: 0
A12: =B12&"-"&C12&"-"&D12&"-"&E12&"-"&F12&"-"&G12 -> 98304-1-98304-int8-int32-int32 | B12: 98304 | C12: 1 | D12: 98304 | E12: int8 | F12: int32 | G12: int32 | H12: 32768 | I12: 0 | J12: 0 | K12: 0 | L12: 64 | M12: 0 | N12: 633318697598976 | O12: 633350909853696 | P12: 217520.2 | Q12: 2911.54 | R12: 0 | S12: 0 | T12: 0 | U12: 0
A13: =B13&"-"&C13&"-"&D13&"-"&E13&"-"&F13&"-"&G13 -> 16384-1-16384-fp32-fp32-fp32 | B13: 16384 | C13: 1 | D13: 16384 | E13: fp32 | F13: fp32 | G13: fp32 | H13: 131072 | I13: 0 | J13: 0 | K13: 0 | L13: 64 | M13: 0 | N13: 70368744177664 | O13: 281509336449024 | P13: 75282.79 | Q13: 934.73 | R13: 0 | S13: 0 | T13: 0 | U13: 0
... A26: =B26&"-"&C26&"-"&D26&"-"&E26&"-"&F26&"-"&G26 -> 4096-1-4096-fp8-fp8-fp32 | B26: 4096 | C26: 1 | D26: 4096 | E26: fp8 | F26: fp8 | G26: fp32 | H26: 524288 | I26: 0 | J26: 0 | K26: 0 | L26: 64 | M26: 0 | N26: 17592186044416 | O26: 17600775979008 | P26: 25636.3 | Q26: 686.22 | R26: 0 | S26: 0 | T26: 0 | U26: 0
A27: =B27&"-"&C27&"-"&D27&"-"&E27&"-"&F27&"-"&G27 -> 65536-1-65536-fp16-fp16-fp16 | B27: 65536 | C27: 1 | D27: 65536 | E27: fp16 | F27: fp16 | G27: fp16
A28: =B28&"-"&C28&"-"&D28&"-"&E28&"-"&F28&"-"&G28 -> 16384-1-16384-bf8-fp32-fp32 | B28: 16384 | C28: 1 | D28: 16384 | E28: bf8 | F28: fp32 | G28: fp32 | H28: 131072 | I28: 0 | J28: 0 | K28: 0 | L28: 64 | M28: 0 | N28: 70368744177664 | O28: 70390219014144 | P28: 55567.04 | Q28: 1266.38 | R28: 0 | S28: 0 | T28: 0 | U28: 0
A29: =B29&"-"&C29&"-"&D29&"-"&E29&"-"&F29&"-"&G29 -> 8192-1-8192-tf32-fp32-fp32 | B29: 8192 | C29: 1 | D29: 8192 | E29: tf32 | F29: fp32 | G29: fp32 | H29: 524288 | I29: 0 | J29: 0 | K29: 0 | L29: 64 | M29: 0 | N29: 70368744177664 | O29: 281543696187392 | P29: 99146 | Q29: 709.75 | R29: 0 | S29: 0 | T29: 0 | U29: 0
A30: =B30&"-"&C30&"-"&D30&"-"&E30&"-"&F30&"-"&G30 -> 4096-1-4096-tf32-fp32-fp32 | B30: 4096 | C30: 1 | D30: 4096 | E30: tf32 | F30: fp32 | G30: fp32 | H30: 524288 | I30: 0 | J30: 0 | K30: 0 | L30: 64 | M30: 0 | N30: 17592186044416 | O30: 70403103916032 | P30: 48773.15 | Q30: 360.69 | R30: 0 | S30: 0 | T30: 0 | U30: 0
A31: =B31&"-"&C31&"-"&D31&"-"&E31&"-"&F31&"-"&G31 -> 4096-1-4096-fp16-fp16-fp16 | B31: 4096 | C31: 1 | D31: 4096 | E31: fp16 | F31: fp16 | G31: fp16
A32: =B32&"-"&C32&"-"&D32&"-"&E32&"-"&F32&"-"&G32 -> 16384-1-16384-fp16-fp16-fp16 | B32: 16384 | C32: 1 | D32: 16384 | E32: fp16 | F32: fp16 | G32: fp16
A33: =B33&"-"&C33&"-"&D33&"-"&E33&"-"&F33&"-"&G33 -> 8192-1-8192-fp8-fp8-fp32 | B33: 8192 | C33: 1 | D33: 8192 | E33: fp8 | F33: fp8 | G33: fp32 | H33: 524288 | I33: 0 | J33: 0 | K33: 0 | L33: 64 | M33: 0 | N33: 70368744177664 | O33: 70385924046848 | P33: 55637.04 | Q33: 1264.78 | R33: 0 | S33: 0 | T33: 0 | U33: 0
A34: =B34&"-"&C34&"-"&D34&"-"&E34&"-"&F34&"-"&G34 -> 65536-1-65536-fp16-fp32-fp32 | B34: 65536 | C34: 1 | D34: 65536 | E34: fp16 | F34: fp32 | G34: fp32 | H34: 32768 | I34: 0 | J34: 0 | K34: 0 | L34: 64 | M34: 0 | N34: 281474976710656 | O34: 562975723225088 | P34: 62036.95 | Q34: 4537.22 | R34: 0 | S34: 0 | T34: 0 | U34: 0
A35: =B35&"-"&C35&"-"&D35&"-"&E35&"-"&F35&"-"&G35 -> 98304-1-98304-bf8-bf8-fp32 | B35: 98304 | C35: 1 | D35: 98304 | E35: bf8 | F35: bf8 | G35: fp32 | H35: 32768 | I35: 0 | J35: 0 | K35: 0 | L35: 64 | M35: 0 | N35: 633318697598976 | O35: 633331582500864 | P35: 457740.56 | Q35: 1383.58 | R35: 0 | S35: 0 | T35: 0 | U35: 0
A36: =B36&"-"&C36&"-"&D36&"-"&E36&"-"&F36&"-"&G36 -> 16384-1-16384-bf16-fp32-fp32 | B36: 16384 | C36: 1 | D36: 16384 | E36: bf16 | F36: fp32 | G36: fp32 | H36: 131072 | I36: 0 | J36: 0 | K36: 0 | L36: 64 | M36: 0 | N36: 70368744177664 | O36: 140763258159104 | P36: 22112.72 | Q36: 3182.27 | R36: 0 | S36: 0 | T36: 0 | U36: 0
A37: =B37&"-"&C37&"-"&D37&"-"&E37&"-"&F37&"-"&G37 -> 8192-1-8192-fp8-fp16-fp32 | B37: 8192 | C37: 1 | D37: 8192 | E37: fp8 | F37: fp16 | G37: fp32 | H37: 524288 | I37: 0 | J37: 0 | K37: 0 | L37: 64 | M37: 0 | N37: 70368744177664 | O37: 70394513981440 | P37: 55553.43 | Q37: 1266.69 | R37: 0 | S37: 0 | T37: 0 | U37: 0
A38: =B38&"-"&C38&"-"&D38&"-"&E38&"-"&F38&"-"&G38 -> 16384-1-16384-int8-int32-int32 | B38: 16384 | C38: 1 | D38: 16384 | E38: int8 | F38: int32 | G38: int32 | H38: 131072 | I38: 0 | J38: 0 | K38: 0 | L38: 64 | M38: 0 | N38: 70368744177664 | O38: 70390219014144 | P38: 67236.25 | Q38: 1046.59 | R38: 0 | S38: 0 | T38: 0 | U38: 0
A39: =B39&"-"&C39&"-"&D39&"-"&E39&"-"&F39&"-"&G39 -> 32768-1-32768-bf16-bf16-fp32 | B39: 32768 | C39: 1 | D39: 32768 | E39: bf16 | F39: bf16 | G39: fp32 | H39: 65536 | I39: 0 | J39: 0 | K39: 0 | L39: 64 | M39: 0 | N39: 140737488355328 | O39: 281492156579840 | P39: 30203.19 | Q39: 4659.69 | R39: 0 | S39: 0 | T39: 0 | U39: 0
A40: =B40&"-"&C40&"-"&D40&"-"&E40&"-"&F40&"-"&G40 -> 16384-1-16384-bf16-bf16-fp32 | B40: 16384 | C40: 1 | D40: 16384 | E40: bf16 | F40: bf16 | G40: fp32 | H40: 131072 | I40: 0 | J40: 0 | K40: 0 | L40: 64 | M40: 0 | N40: 70368744177664 | O40: 140754668224512 | P40: 21453.54 | Q40: 3280.05 | R40: 0 | S40: 0 | T40: 0 | U40: 0
A41: =B41&"-"&C41&"-"&D41&"-"&E41&"-"&F41&"-"&G41 -> 16384-1-16384-fp8-fp8-fp32 | B41: 16384 | C41: 1 | D41: 16384 | E41: fp8 | F41: fp8 | G41: fp32 | H41: 131072 | I41: 0 | J41: 0 | K41: 0 | L41: 64 | M41: 0 | N41: 70368744177664 | O41: 70377334112256 | P41: 55556.44 | Q41: 1266.62 | R41: 0 | S41: 0 | T41: 0 | U41: 0
A42: =B42&"-"&C42&"-"&D42&"-"&E42&"-"&F42&"-"&G42 -> 98304-1-98304-fp32-fp32-fp32 | B42: 98304 | C42: 1 | D42: 98304 | E42: fp32 | F42: fp32 | G42: fp32 | H42: 32768 | I42: 0 | J42: 0 | K42: 0 | L42: 64 | M42: 0 | N42: 633318697598976 | O42: 2.5333263e+15 | P42: 302540.56 | Q42: 2093.33 | R42: 0 | S42: 0 | T42: 0 | U42: 0
A43: =B43&"-"&C43&"-"&D43&"-"&E43&"-"&F43&"-"&G43 -> 8192-1-8192-fp16-fp16-fp16 | B43: 8192 | C43: 1 | D43: 8192 | E43: fp16 | F43: fp16 | G43: fp16
A44: =B44&"-"&C44&"-"&D44&"-"&E44&"-"&F44&"-"&G44 -> 8192-1-8192-bf16-fp32-fp32 | B44: 8192 | C44: 1 | D44: 8192 | E44: bf16 | F44: fp32 | G44: fp32 | H44: 524288 | I44: 0 | J44: 0 | K44: 0 | L44: 64 | M44: 0 | N44: 70368744177664 | O44: 140789027962880 | P44: 37869.54 | Q44: 1858.19 | R44: 0 | S44: 0 | T44: 0 | U44: 0
A45: =B45&"-"&C45&"-"&D45&"-"&E45&"-"&F45&"-"&G45 -> 98304-1-98304-fp8-fp8-fp32 | B45: 98304 | C45: 1 | D45: 98304 | E45: fp8 | F45: fp8 | G45: fp32 | H45: 32768 | I45: 0 | J45: 0 | K45: 0 | L45: 64 | M45: 0 | N45: 633318697598976 | O45: 633331582500864 | P45: 506880.09 | Q45: 1249.44 | R45: 0 | S45: 0 | T45: 0 | U45: 0
A46: =B46&"-"&C46&"-"&D46&"-"&E46&"-"&F46&"-"&G46 -> 4096-1-4096-bf8-bf8-fp32 | B46: 4096 | C46: 1 | D46: 4096 | E46: bf8 | F46: bf8 | G46: fp32 | H46: 524288 | I46: 0 | J46: 0 | K46: 0 | L46: 64 | M46: 0 | N46: 17592186044416 | O46: 17600775979008 | P46: 36841.24 | Q46: 477.51 | R46: 0 | S46: 0 | T46: 0 | U46: 0
A47: =B47&"-"&C47&"-"&D47&"-"&E47&"-"&F47&"-"&G47 -> 65536-1-65536-bf8-fp16-fp32 | B47: 65536 | C47: 1 | D47: 65536 | E47: bf8 | F47: fp16 | G47: fp32 | H47: 32768 | I47: 0 | J47: 0 | K47: 0 | L47: 64 | M47: 0 | N47: 281474976710656 | O47: 281487861612544 | P47: 197655.16 | Q47: 1424.07 | R47: 0 | S47: 0 | T47: 0 | U47: 0
A48: =B48&"-"&C48&"-"&D48&"-"&E48&"-"&F48&"-"&G48 -> 16384-1-16384-fp8-fp32-fp32 | B48: 16384 | C48: 1 | D48: 16384 | E48: fp8 | F48: fp32 | G48: fp32 | H48: 131072 | I48: 0 | J48: 0 | K48: 0 | L48: 64 | M48: 0 | N48: 70368744177664 | O48: 70390219014144 | P48: 55827.51 | Q48: 1260.47 | R48: 0 | S48: 0 | T48: 0 | U48: 0
A49: =B49&"-"&C49&"-"&D49&"-"&E49&"-"&F49&"-"&G49 -> 65536-1-65536-fp8-fp8-fp32 | B49: 65536 | C49: 1 | D49: 65536 | E49: fp8 | F49: fp8 | G49: fp32 | H49: 32768 | I49: 0 | J49: 0 | K49: 0 | L49: 64 | M49: 0 | N49: 281474976710656 | O49: 281483566645248 | P49: 197729.23 | Q49: 1423.54 | R49: 0 | S49: 0 | T49: 0 | U49: 0
A50: =B50&"-"&C50&"-"&D50&"-"&E50&"-"&F50&"-"&G50 -> 32768-1-32768-fp32-fp32-fp32 | B50: 32768 | C50: 1 | D50: 32768 | E50: fp32 | F50: fp32 | G50: fp32 | H50: 65536 | I50: 0 | J50: 0 | K50: 0 | L50: 64 | M50: 0 | N50: 140737488355328 | O50: 562984313159680 | P50: 101667.38 | Q50: 1384.29 | R50: 0 | S50: 0 | T50: 0 | U50: 0
A51: =B51&"-"&C51&"-"&D51&"-"&E51&"-"&F51&"-"&G51 -> 4096-1-4096-bf8-fp32-fp32 | B51: 4096 | C51: 1 | D51: 4096 | E51: bf8 | F51: fp32 | G51: fp32 | H51: 524288 | I51: 0 | J51: 0 | K51: 0 | L51: 64 | M51: 0 | N51: 17592186044416 | O51: 17613660880896 | P51: 25409.53 | Q51: 692.35 | R51: 0 | S51: 0 | T51: 0 | U51: 0
A52: =B52&"-"&C52&"-"&D52&"-"&E52&"-"&F52&"-"&G52 -> 98304-1-98304-bf8-fp32-fp32 | B52: 98304 | C52: 1 | D52: 98304 | E52: bf8 | F52: fp32 | G52: fp32 | H52: 32768 | I52: 0 | J52: 0 | K52: 0 | L52: 64 | M52: 0 | N52: 633318697598976 | O52: 633350909853696 | P52: 507751.88 | Q52: 1247.3 | R52: 0 | S52: 0 | T52: 0 | U52: 0
A53: =B53&"-"&C53&"-"&D53&"-"&E53&"-"&F53&"-"&G53 -> 65536-1-65536-fp8-fp16-fp32 | B53: 65536 | C53: 1 | D53: 65536 | E53: fp8 | F53: fp16 | G53: fp32 | H53: 32768 | I53: 0 | J53: 0 | K53: 0 | L53: 64 | M53: 0 | N53: 281474976710656 | O53: 281487861612544 | P53: 197704.78 | Q53: 1423.71 | R53: 0 | S53: 0 | T53: 0 | U53: 0
A54: =B54&"-"&C54&"-"&D54&"-"&E54&"-"&F54&"-"&G54 -> 8192-1-8192-bf8-fp32-fp32 | B54: 8192 | C54: 1 | D54: 8192 | E54: bf8 | F54: fp32 | G54: fp32 | H54: 524288 | I54: 0 | J54: 0 | K54: 0 | L54: 64 | M54: 0 | N54: 70368744177664 | O54: 70411693850624 | P54: 55587.45 | Q54: 1265.91 | R54: 0 | S54: 0 | T54: 0 | U54: 0
A55: =B55&"-"&C55&"-"&D55&"-"&E55&"-"&F55&"-"&G55 -> 32768-1-32768-bf8-bf8-fp32 | B55: 32768 | C55: 1 | D55: 32768 | E55: bf8 | F55: bf8 | G55: fp32 | H55: 65536 | I55: 0 | J55: 0 | K55: 0 | L55: 64 | M55: 0 | N55: 140737488355328 | O55: 140746078289920 | P55: 97645.06 | Q55: 1441.32 | R55: 0 | S55: 0 | T55: 0 | U55: 0
... A85: =B85&"-"&C85&"-"&D85&"-"&E85&"-"&F85&"-"&G85 -> 4096-1-4096-fp16-fp16-fp32 | B85: 4096 | C85: 1 | D85: 4096 | E85: fp16 | F85: fp16 | G85: fp32 | H85: 524288 | I85: 0 | J85: 0 | K85: 0 | L85: 64 | M85: 0 | N85: 17592186044416 | O85: 35201551958016 | P85: 20771.21 | Q85: 846.95 | R85: 0 | S85: 0 | T85: 0 | U85: 0
A86: =B86&"-"&C86&"-"&D86&"-"&E86&"-"&F86&"-"&G86 -> 98304-1-98304-fp16-fp16-fp16 | B86: 98304 | C86: 1 | D86: 98304 | E86: fp16 | F86: fp16 | G86: fp16
A87: =B87&"-"&C87&"-"&D87&"-"&E87&"-"&F87&"-"&G87 -> 98304-1-98304-bf16-fp32-fp32 | B87: 98304 | C87: 1 | D87: 98304 | E87: bf16 | F87: fp32 | G87: fp32 | H87: 32768 | I87: 0 | J87: 0 | K87: 0 | L87: 64 | M87: 0 | N87: 633318697598976 | O87: 1.266676e+15 | P87: 139772.53 | Q87: 4531.07 | R87: 0 | S87: 0 | T87: 0 | U87: 0
A88: =B88&"-"&C88&"-"&D88&"-"&E88&"-"&F88&"-"&G88 -> 8192-1-8192-bf8-bf8-fp32 | B88: 8192 | C88: 1 | D88: 8192 | E88: bf8 | F88: bf8 | G88: fp32 | H88: 524288 | I88: 0 | J88: 0 | K88: 0 | L88: 64 | M88: 0 | N88: 70368744177664 | O88: 70385924046848 | P88: 62450.68 | Q88: 1126.79 | R88: 0 | S88: 0 | T88: 0 | U88: 0
A89: =B89&"-"&C89&"-"&D89&"-"&E89&"-"&F89&"-"&G89 -> 32768-1-32768-fp16-fp16-fp16 | B89: 32768 | C89: 1 | D89: 32768 | E89: fp16 | F89: fp16 | G89: fp16
A90: =B90&"-"&C90&"-"&D90&"-"&E90&"-"&F90&"-"&G90 -> 32768-1-32768-fp8-fp16-fp32 | B90: 32768 | C90: 1 | D90: 32768 | E90: fp8 | F90: fp16 | G90: fp32 | H90: 65536 | I90: 0 | J90: 0 | K90: 0 | L90: 64 | M90: 0 | N90: 140737488355328 | O90: 140750373257216 | P90: 98276.2 | Q90: 1432.06 | R90: 0 | S90: 0 | T90: 0 | U90: 0
A91: =B91&"-"&C91&"-"&D91&"-"&E91&"-"&F91&"-"&G91 -> 32768-1-32768-tf32-fp32-fp32 | B91: 32768 | C91: 1 | D91: 32768 | E91: tf32 | F91: fp32 | G91: fp32 | H91: 65536 | I91: 0 | J91: 0 | K91: 0 | L91: 64 | M91: 0 | N91: 140737488355328 | O91: 562984313159680 | P91: 106052.3 | Q91: 1327.06 | R91: 0 | S91: 0 | T91: 0 | U91: 0

Sheet hipblaslt_mi325x_1000W_GF
B1: M | C1: N | D1: K | E1: mul | F1: acc | G1: scale | H1: n_iter | I1: n_thread | J1: n_wg | K1: n_wf | L1: wf_size | M1: wg_size | N1: n_flops | O1: n_bytes | P1: time_ms | Q1: gflop/s | R1: avg_clock | S1: max_clock | T1: min_clock | U1: stdev_clock
A2: =B2&"-"&C2&"-"&D2&"-"&E2&"-"&F2&"-"&G2 -> 4096-1-4096-fp16-fp32-fp32 | B2: 4096 | C2: 1 | D2: 4096 | E2: fp16 | F2: fp32 | G2: fp32 | H2: 524288 | I2: 0 | J2: 0 | K2: 0 | L2: 64 | M2: 0 | N2: 17592186044416 | O2: 35210141892608 | P2: 17150.64 | Q2: 1025.75 | R2: 0 | S2: 0 | T2: 0 | U2: 0
A3: =B3&"-"&C3&"-"&D3&"-"&E3&"-"&F3&"-"&G3 -> 4096-1-4096-bf8-fp16-fp32 | B3: 4096 | C3: 1 | D3: 4096 | E3: bf8 | F3: fp16 | G3: fp32 | H3: 524288 | I3: 0 | J3: 0 | K3: 0 | L3: 64 | M3: 0 | N3: 17592186044416 | O3: 17605070946304 | P3: 21612.75 | Q3: 813.97 | R3: 0 | S3: 0 | T3: 0 | U3: 0
A4: =B4&"-"&C4&"-"&D4&"-"&E4&"-"&F4&"-"&G4 -> 8192-1-8192-fp32-fp32-fp32 | B4: 8192 | C4: 1 | D4: 8192 | E4: fp32 | F4: fp32 | G4: fp32 | H4: 524288 | I4: 0 | J4: 0 | K4: 0 | L4: 64 | M4: 0 | N4: 70368744177664 | O4: 281543696187392 | P4: 74004.05 | Q4: 950.88 | R4: 0 | S4: 0 | T4: 0 | U4: 0
A5: =B5&"-"&C5&"-"&D5&"-"&E5&"-"&F5&"-"&G5 -> 8192-1-8192-fp16-fp16-fp32 | B5: 8192 | C5: 1 | D5: 8192 | E5: fp16 | F5: fp16 | G5: fp32 | H5: 524288 | I5: 0 | J5: 0 | K5: 0 | L5: 64 | M5: 0 | N5: 70368744177664 | O5: 140771848093696 | P5: 30711.17 | Q5: 2291.31 | R5: 0 | S5: 0 | T5: 0 | U5: 0
A6: =B6&"-"&C6&"-"&D6&"-"&E6&"-"&F6&"-"&G6 -> 8192-1-8192-fp8-fp32-fp32 | B6: 8192 | C6: 1 | D6: 8192 | E6: fp8 | F6: fp32 | G6: fp32 | H6: 524288 | I6: 0 | J6: 0 | K6: 0 | L6: 64 | M6: 0 | N6: 70368744177664 | O6: 70411693850624 | P6: 53905.32 | Q6: 1305.41 | R6: 0 | S6: 0 | T6: 0 | U6: 0
A7: =B7&"-"&C7&"-"&D7&"-"&E7&"-"&F7&"-"&G7 -> 65536-1-65536-tf32-fp32-fp32 | B7: 65536 | C7: 1 | D7: 65536 | E7: tf32 | F7: fp32 | G7: fp32 | H7: 32768 | I7: 0 | J7: 0 | K7: 0 | L7: 64 | M7: 0 | N7: 281474976710656 | O7: 1.1259343e+15 | P7: 261386.66 | Q7: 1076.85 | R7: 0 | S7: 0 | T7: 0 | U7: 0
A8: =B8&"-"&C8&"-"&D8&"-"&E8&"-"&F8&"-"&G8 -> 4096-1-4096-fp64-fp64-fp64 | B8: 4096 | C8: 1 | D8: 4096 | E8: fp64 | F8: fp64 | G8: fp64 | H8: 524288 | I8: 0 | J8: 0 | K8: 0 | L8: 64 | M8: 0 | N8: 17592186044416 | O8: 140806207832064 | P8: 9055.62 | Q8: 1942.68 | R8: 0 | S8: 0 | T8: 0 | U8: 0
A9: =B9&"-"&C9&"-"&D9&"-"&E9&"-"&F9&"-"&G9 -> 16384-1-16384-fp64-fp64-fp64 | B9: 16384 | C9: 1 | D9: 16384 | E9: fp64 | F9: fp64 | G9: fp64 | H9: 131072 | I9: 0 | J9: 0 | K9: 0 | L9: 64 | M9: 0 | N9: 70368744177664 | O9: 563018672898048 | P9: 2325.48 | Q9: 30259.92 | R9: 0 | S9: 0 | T9: 0 | U9: 0
A10: =B10&"-"&C10&"-"&D10&"-"&E10&"-"&F10&"-"&G10 -> 32768-1-32768-bf16-fp32-fp32 | B10: 32768 | C10: 1 | D10: 32768 | E10: bf16 | F10: fp32 | G10: fp32 | H10: 65536 | I10: 0 | J10: 0 | K10: 0 | L10: 64 | M10: 0 | N10: 140737488355328 | O10: 281500746514432 | P10: 35146.1 | Q10: 4004.36 | R10: 0 | S10: 0 | T10: 0 | U10: 0
A11: =B11&"-"&C11&"-"&D11&"-"&E11&"-"&F11&"-"&G11 -> 8192-1-8192-fp16-fp32-fp32 | B11: 8192 | C11: 1 | D11: 8192 | E11: fp16 | F11: fp32 | G11: fp32 | H11: 524288 | I11: 0 | J11: 0 | K11: 0 | L11: 64 | M11: 0 | N11: 70368744177664 | O11: 140789027962880 | P11: 30537.41 | Q11: 2304.35 | R11: 0 | S11: 0 | T11: 0 | U11: 0
A12: =B12&"-"&C12&"-"&D12&"-"&E12&"-"&F12&"-"&G12 -> 98304-1-98304-int8-int32-int32 | B12: 98304 | C12: 1 | D12: 98304 | E12: int8 | F12: int32 | G12: int32 | H12: 32768 | I12: 0 | J12: 0 | K12: 0 | L12: 64 | M12: 0 | N12: 633318697598976 | O12: 633350909853696 | P12: 156908.98 | Q12: 4036.22 | R12: 0 | S12: 0 | T12: 0 | U12: 0
A13: =B13&"-"&C13&"-"&D13&"-"&E13&"-"&F13&"-"&G13 -> 16384-1-16384-fp32-fp32-fp32 | B13: 16384 | C13: 1 | D13: 16384 | E13: fp32 | F13: fp32 | G13: fp32 | H13: 131072 | I13: 0 | J13: 0 | K13: 0 | L13: 64 | M13: 0 | N13: 70368744177664 | O13: 281509336449024 | P13: 51378.52 | Q13: 1369.61 | R13: 0 | S13: 0 | T13: 0 | U13: 0
... A26: =B26&"-"&C26&"-"&D26&"-"&E26&"-"&F26&"-"&G26 -> 4096-1-4096-fp8-fp8-fp32 | B26: 4096 | C26: 1 | D26: 4096 | E26: fp8 | F26: fp8 | G26: fp32 | H26: 524288 | I26: 0 | J26: 0 | K26: 0 | L26: 64 | M26: 0 | N26: 17592186044416 | O26: 17600775979008 | P26: 22063.53 | Q26: 797.34 | R26: 0 | S26: 0 | T26: 0 | U26: 0
A27: =B27&"-"&C27&"-"&D27&"-"&E27&"-"&F27&"-"&G27 -> 65536-1-65536-fp16-fp16-fp16 | B27: 65536 | C27: 1 | D27: 65536 | E27: fp16 | F27: fp16 | G27: fp16
A28: =B28&"-"&C28&"-"&D28&"-"&E28&"-"&F28&"-"&G28 -> 16384-1-16384-bf8-fp32-fp32 | B28: 16384 | C28: 1 | D28: 16384 | E28: bf8 | F28: fp32 | G28: fp32 | H28: 131072 | I28: 0 | J28: 0 | K28: 0 | L28: 64 | M28: 0 | N28: 70368744177664 | O28: 70390219014144 | P28: 54745 | Q28: 1285.39 | R28: 0 | S28: 0 | T28: 0 | U28: 0
A29: =B29&"-"&C29&"-"&D29&"-"&E29&"-"&F29&"-"&G29 -> 8192-1-8192-tf32-fp32-fp32 | B29: 8192 | C29: 1 | D29: 8192 | E29: tf32 | F29: fp32 | G29: fp32 | H29: 524288 | I29: 0 | J29: 0 | K29: 0 | L29: 64 | M29: 0 | N29: 70368744177664 | O29: 281543696187392 | P29: 74591.86 | Q29: 943.38 | R29: 0 | S29: 0 | T29: 0 | U29: 0
A30: =B30&"-"&C30&"-"&D30&"-"&E30&"-"&F30&"-"&G30 -> 4096-1-4096-tf32-fp32-fp32 | B30: 4096 | C30: 1 | D30: 4096 | E30: tf32 | F30: fp32 | G30: fp32 | H30: 524288 | I30: 0 | J30: 0 | K30: 0 | L30: 64 | M30: 0 | N30: 17592186044416 | O30: 70403103916032 | P30: 37154.17 | Q30: 473.49 | R30: 0 | S30: 0 | T30: 0 | U30: 0
A31: =B31&"-"&C31&"-"&D31&"-"&E31&"-"&F31&"-"&G31 -> 4096-1-4096-fp16-fp16-fp16 | B31: 4096 | C31: 1 | D31: 4096 | E31: fp16 | F31: fp16 | G31: fp16
A32: =B32&"-"&C32&"-"&D32&"-"&E32&"-"&F32&"-"&G32 -> 16384-1-16384-fp16-fp16-fp16 | B32: 16384 | C32: 1 | D32: 16384 | E32: fp16 | F32: fp16 | G32: fp16
A33: =B33&"-"&C33&"-"&D33&"-"&E33&"-"&F33&"-"&G33 -> 8192-1-8192-fp8-fp8-fp32 | B33: 8192 | C33: 1 | D33: 8192 | E33: fp8 | F33: fp8 | G33: fp32 | H33: 524288 | I33: 0 | J33: 0 | K33: 0 | L33: 64 | M33: 0 | N33: 70368744177664 | O33: 70385924046848 | P33: 54109.7 | Q33: 1300.48 | R33: 0 | S33: 0 | T33: 0 | U33: 0
A34: =B34&"-"&C34&"-"&D34&"-"&E34&"-"&F34&"-"&G34 -> 65536-1-65536-fp16-fp32-fp32 | B34: 65536 | C34: 1 | D34: 65536 | E34: fp16 | F34: fp32 | G34: fp32 | H34: 32768 | I34: 0 | J34: 0 | K34: 0 | L34: 64 | M34: 0 | N34: 281474976710656 | O34: 562975723225088 | P34: 59380.66 | Q34: 4740.18 | R34: 0 | S34: 0 | T34: 0 | U34: 0
A35: =B35&"-"&C35&"-"&D35&"-"&E35&"-"&F35&"-"&G35 -> 98304-1-98304-bf8-bf8-fp32 | B35: 98304 | C35: 1 | D35: 98304 | E35: bf8 | F35: bf8 | G35: fp32 | H35: 32768 | I35: 0 | J35: 0 | K35: 0 | L35: 64 | M35: 0 | N35: 633318697598976 | O35: 633331582500864 | P35: 446386.56 | Q35: 1418.77 | R35: 0 | S35: 0 | T35: 0 | U35: 0
A36: =B36&"-"&C36&"-"&D36&"-"&E36&"-"&F36&"-"&G36 -> 16384-1-16384-bf16-fp32-fp32 | B36: 16384 | C36: 1 | D36: 16384 | E36: bf16 | F36: fp32 | G36: fp32 | H36: 131072 | I36: 0 | J36: 0 | K36: 0 | L36: 64 | M36: 0 | N36: 70368744177664 | O36: 140763258159104 | P36: 18315.25 | Q36: 3842.08 | R36: 0 | S36: 0 | T36: 0 | U36: 0
A37: =B37&"-"&C37&"-"&D37&"-"&E37&"-"&F37&"-"&G37 -> 8192-1-8192-fp8-fp16-fp32 | B37: 8192 | C37: 1 | D37: 8192 | E37: fp8 | F37: fp16 | G37: fp32 | H37: 524288 | I37: 0 | J37: 0 | K37: 0 | L37: 64 | M37: 0 | N37: 70368744177664 | O37: 70394513981440 | P37: 54027.86 | Q37: 1302.45 | R37: 0 | S37: 0 | T37: 0 | U37: 0
A38: =B38&"-"&C38&"-"&D38&"-"&E38&"-"&F38&"-"&G38 -> 16384-1-16384-int8-int32-int32 | B38: 16384 | C38: 1 | D38: 16384 | E38: int8 | F38: int32 | G38: int32 | H38: 131072 | I38: 0 | J38: 0 | K38: 0 | L38: 64 | M38: 0 | N38: 70368744177664 | O38: 70390219014144 | P38: 45246.97 | Q38: 1555.21 | R38: 0 | S38: 0 | T38: 0 | U38: 0
A39: =B39&"-"&C39&"-"&D39&"-"&E39&"-"&F39&"-"&G39 -> 32768-1-32768-bf16-bf16-fp32 | B39: 32768 | C39: 1 | D39: 32768 | E39: bf16 | F39: bf16 | G39: fp32 | H39: 65536 | I39: 0 | J39: 0 | K39: 0 | L39: 64 | M39: 0 | N39: 140737488355328 | O39: 281492156579840 | P39: 29639.66 | Q39: 4748.28 | R39: 0 | S39: 0 | T39: 0 | U39: 0
A40: =B40&"-"&C40&"-"&D40&"-"&E40&"-"&F40&"-"&G40 -> 16384-1-16384-bf16-bf16-fp32 | B40: 16384 | C40: 1 | D40: 16384 | E40: bf16 | F40: bf16 | G40: fp32 | H40: 131072 | I40: 0 | J40: 0 | K40: 0 | L40: 64 | M40: 0 | N40: 70368744177664 | O40: 140754668224512 | P40: 20215.4 | Q40: 3480.95 | R40: 0 | S40: 0 | T40: 0 | U40: 0
A41: =B41&"-"&C41&"-"&D41&"-"&E41&"-"&F41&"-"&G41 -> 16384-1-16384-fp8-fp8-fp32 | B41: 16384 | C41: 1 | D41: 16384 | E41: fp8 | F41: fp8 | G41: fp32 | H41: 131072 | I41: 0 | J41: 0 | K41: 0 | L41: 64 | M41: 0 | N41: 70368744177664 | O41: 70377334112256 | P41: 54861.78 | Q41: 1282.66 | R41: 0 | S41: 0 | T41: 0 | U41: 0
A42: =B42&"-"&C42&"-"&D42&"-"&E42&"-"&F42&"-"&G42 -> 98304-1-98304-fp32-fp32-fp32 | B42: 98304 | C42: 1 | D42: 98304 | E42: fp32 | F42: fp32 | G42: fp32 | H42: 32768 | I42: 0 | J42: 0 | K42: 0 | L42: 64 | M42: 0 | N42: 633318697598976 | O42: 2.5333263e+15 | P42: 276949.34 | Q42: 2286.77 | R42: 0 | S42: 0 | T42: 0 | U42: 0
A43: =B43&"-"&C43&"-"&D43&"-"&E43&"-"&F43&"-"&G43 -> 8192-1-8192-fp16-fp16-fp16 | B43: 8192 | C43: 1 | D43: 8192 | E43: fp16 | F43: fp16 | G43: fp16
A44: =B44&"-"&C44&"-"&D44&"-"&E44&"-"&F44&"-"&G44 -> 8192-1-8192-bf16-fp32-fp32 | B44: 8192 | C44: 1 | D44: 8192 | E44: bf16 | F44: fp32 | G44: fp32 | H44: 524288 | I44: 0 | J44: 0 | K44: 0 | L44: 64 | M44: 0 | N44: 70368744177664 | O44: 140789027962880 | P44: 30353.79 | Q44: 2318.29 | R44: 0 | S44: 0 | T44: 0 | U44: 0
A45: =B45&"-"&C45&"-"&D45&"-"&E45&"-"&F45&"-"&G45 -> 98304-1-98304-fp8-fp8-fp32 | B45: 98304 | C45: 1 | D45: 98304 | E45: fp8 | F45: fp8 | G45: fp32 | H45: 32768 | I45: 0 | J45: 0 | K45: 0 | L45: 64 | M45: 0 | N45: 633318697598976 | O45: 633331582500864 | P45: 497263.78 | Q45: 1273.61 | R45: 0 | S45: 0 | T45: 0 | U45: 0
A46: =B46&"-"&C46&"-"&D46&"-"&E46&"-"&F46&"-"&G46 -> 4096-1-4096-bf8-bf8-fp32 | B46: 4096 | C46: 1 | D46: 4096 | E46: bf8 | F46: bf8 | G46: fp32 | H46: 524288 | I46: 0 | J46: 0 | K46: 0 | L46: 64 | M46: 0 | N46: 17592186044416 | O46: 17600775979008 | P46: 30893.08 | Q46: 569.45 | R46: 0 | S46: 0 | T46: 0 | U46: 0
A47: =B47&"-"&C47&"-"&D47&"-"&E47&"-"&F47&"-"&G47 -> 65536-1-65536-bf8-fp16-fp32 | B47: 65536 | C47: 1 | D47: 65536 | E47: bf8 | F47: fp16 | G47: fp32 | H47: 32768 | I47: 0 | J47: 0 | K47: 0 | L47: 64 | M47: 0 | N47: 281474976710656 | O47: 281487861612544 | P47: 198208.48 | Q47: 1420.1 | R47: 0 | S47: 0 | T47: 0 | U47: 0
A48: =B48&"-"&C48&"-"&D48&"-"&E48&"-"&F48&"-"&G48 -> 16384-1-16384-fp8-fp32-fp32 | B48: 16384 | C48: 1 | D48: 16384 | E48: fp8 | F48: fp32 | G48: fp32 | H48: 131072 | I48: 0 | J48: 0 | K48: 0 | L48: 64 | M48: 0 | N48: 70368744177664 | O48: 70390219014144 | P48: 54368.44 | Q48: 1294.29 | R48: 0 | S48: 0 | T48: 0 | U48: 0
A49: =B49&"-"&C49&"-"&D49&"-"&E49&"-"&F49&"-"&G49 -> 65536-1-65536-fp8-fp8-fp32 | B49: 65536 | C49: 1 | D49: 65536 | E49: fp8 | F49: fp8 | G49: fp32 | H49: 32768 | I49: 0 | J49: 0 | K49: 0 | L49: 64 | M49: 0 | N49: 281474976710656 | O49: 281483566645248 | P49: 198254.59 | Q49: 1419.77 | R49: 0 | S49: 0 | T49: 0 | U49: 0
A50: =B50&"-"&C50&"-"&D50&"-"&E50&"-"&F50&"-"&G50 -> 32768-1-32768-fp32-fp32-fp32 | B50: 32768 | C50: 1 | D50: 32768 | E50: fp32 | F50: fp32 | G50: fp32 | H50: 65536 | I50: 0 | J50: 0 | K50: 0 | L50: 64 | M50: 0 | N50: 140737488355328 | O50: 562984313159680 | P50: 76834.89 | Q50: 1831.69 | R50: 0 | S50: 0 | T50: 0 | U50: 0
A51: =B51&"-"&C51&"-"&D51&"-"&E51&"-"&F51&"-"&G51 -> 4096-1-4096-bf8-fp32-fp32 | B51: 4096 | C51: 1 | D51: 4096 | E51: bf8 | F51: fp32 | G51: fp32 | H51: 524288 | I51: 0 | J51: 0 | K51: 0 | L51: 64 | M51: 0 | N51: 17592186044416 | O51: 17613660880896 | P51: 21934.15 | Q51: 802.05 | R51: 0 | S51: 0 | T51: 0 | U51: 0
A52: =B52&"-"&C52&"-"&D52&"-"&E52&"-"&F52&"-"&G52 -> 98304-1-98304-bf8-fp32-fp32 | B52: 98304 | C52: 1 | D52: 98304 | E52: bf8 | F52: fp32 | G52: fp32 | H52: 32768 | I52: 0 | J52: 0 | K52: 0 | L52: 64 | M52: 0 | N52: 633318697598976 | O52: 633350909853696 | P52: 499635.06 | Q52: 1267.56 | R52: 0 | S52: 0 | T52: 0 | U52: 0
A53: =B53&"-"&C53&"-"&D53&"-"&E53&"-"&F53&"-"&G53 -> 65536-1-65536-fp8-fp16-fp32 | B53: 65536 | C53: 1 | D53: 65536 | E53: fp8 | F53: fp16 | G53: fp32 | H53: 32768 | I53: 0 | J53: 0 | K53: 0 | L53: 64 | M53: 0 | N53: 281474976710656 | O53: 281487861612544 | P53: 198252.27 | Q53: 1419.78 | R53: 0 | S53: 0 | T53: 0 | U53: 0
A54: =B54&"-"&C54&"-"&D54&"-"&E54&"-"&F54&"-"&G54 -> 8192-1-8192-bf8-fp32-fp32 | B54: 8192 | C54: 1 | D54: 8192 | E54: bf8 | F54: fp32 | G54: fp32 | H54: 524288 | I54: 0 | J54: 0 | K54: 0 | L54: 64 | M54: 0 | N54: 70368744177664 | O54: 70411693850624 | P54: 54216.01 | Q54: 1297.93 | R54: 0 | S54: 0 | T54: 0 | U54: 0
A55: =B55&"-"&C55&"-"&D55&"-"&E55&"-"&F55&"-"&G55 -> 32768-1-32768-bf8-bf8-fp32 | B55: 32768 | C55: 1 | D55: 32768 | E55: bf8 | F55: bf8 | G55: fp32 | H55: 65536 | I55: 0 | J55: 0 | K55: 0 | L55: 64 | M55: 0 | N55: 140737488355328 | O55: 140746078289920 | P55: 103371.06 | Q55: 1361.48 | R55: 0 | S55: 0 | T55: 0 | U55: 0
... A85: =B85&"-"&C85&"-"&D85&"-"&E85&"-"&F85&"-"&G85 -> 4096-1-4096-fp16-fp16-fp32 | B85: 4096 | C85: 1 | D85: 4096 | E85: fp16 | F85: fp16 | G85: fp32 | H85: 524288 | I85: 0 | J85: 0 | K85: 0 | L85: 64 | M85: 0 | N85: 17592186044416 | O85: 35201551958016 | P85: 17504.49 | Q85: 1005.01 | R85: 0 | S85: 0 | T85: 0 | U85: 0
A86: =B86&"-"&C86&"-"&D86&"-"&E86&"-"&F86&"-"&G86 -> 98304-1-98304-fp16-fp16-fp16 | B86: 98304 | C86: 1 | D86: 98304 | E86: fp16 | F86: fp16 | G86: fp16
A87: =B87&"-"&C87&"-"&D87&"-"&E87&"-"&F87&"-"&G87 -> 98304-1-98304-bf16-fp32-fp32 | B87: 98304 | C87: 1 | D87: 98304 | E87: bf16 | F87: fp32 | G87: fp32 | H87: 32768 | I87: 0 | J87: 0 | K87: 0 | L87: 64 | M87: 0 | N87: 633318697598976 | O87: 1.266676e+15 | P87: 135342.84 | Q87: 4679.37 | R87: 0 | S87: 0 | T87: 0 | U87: 0
A88: =B88&"-"&C88&"-"&D88&"-"&E88&"-"&F88&"-"&G88 -> 8192-1-8192-bf8-bf8-fp32 | B88: 8192 | C88: 1 | D88: 8192 | E88: bf8 | F88: bf8 | G88: fp32 | H88: 524288 | I88: 0 | J88: 0 | K88: 0 | L88: 64 | M88: 0 | N88: 70368744177664 | O88: 70385924046848 | P88: 54584.11 | Q88: 1289.18 | R88: 0 | S88: 0 | T88: 0 | U88: 0
A89: =B89&"-"&C89&"-"&D89&"-"&E89&"-"&F89&"-"&G89 -> 32768-1-32768-fp16-fp16-fp16 | B89: 32768 | C89: 1 | D89: 32768 | E89: fp16 | F89: fp16 | G89: fp16
A90: =B90&"-"&C90&"-"&D90&"-"&E90&"-"&F90&"-"&G90 -> 32768-1-32768-fp8-fp16-fp32 | B90: 32768 | C90: 1 | D90: 32768 | E90: fp8 | F90: fp16 | G90: fp32 | H90: 65536 | I90: 0 | J90: 0 | K90: 0 | L90: 64 | M90: 0 | N90: 140737488355328 | O90: 140750373257216 | P90: 102279.13 | Q90: 1376.01 | R90: 0 | S90: 0 | T90: 0 | U90: 0
A91: =B91&"-"&C91&"-"&D91&"-"&E91&"-"&F91&"-"&G91 -> 32768-1-32768-tf32-fp32-fp32 | B91: 32768 | C91: 1 | D91: 32768 | E91: tf32 | F91: fp32 | G91: fp32 | H91: 65536 | I91: 0 | J91: 0 | K91: 0 | L91: 64 | M91: 0 | N91: 140737488355328 | O91: 562984313159680 | P91: 100323.95 | Q91: 1402.83 | R91: 0 | S91: 0 | T91: 0 | U91: 0

Sheet rocblas_mi300x_GF
B1: M | C1: N | D1: K | E1: mul | F1: acc | G1: scale | H1: n_iter | I1: n_thread | J1: n_wg | K1: n_wf | L1: wf_size | M1: wg_size | N1: n_flops | O1: n_bytes | P1: time_ms | Q1: gflop/s | R1: avg_clock | S1: max_clock | T1: min_clock | U1: stdev_clock
A2: =B2&"-"&C2&"-"&D2&"-"&E2&"-"&F2&"-"&G2 -> 8192-1-8192-int8-int32-int32 | B2: 8192 | C2: 1 | D2: 8192 | E2: int8 | F2: int32 | G2: int32 | H2: 524288 | I2: 0 | J2: 0 | K2: 0 | L2: 64 | M2: 0 | N2: 70368744177664 | O2: 70411693850624 | P2: 114240 | Q2: 615.971 | R2: 0 | S2: 0 | T2: 0 | U2: 0
A3: =B3&"-"&C3&"-"&D3&"-"&E3&"-"&F3&"-"&G3 -> 98304-1-98304-fp16-fp32-fp32 | B3: 98304 | C3: 1 | D3: 98304 | E3: fp16 | F3: fp32 | G3: fp32 | H3: 32768 | I3: 0 | J3: 0 | K3: 0 | L3: 64 | M3: 0 | N3: 633318697598976 | O3: 1.266676e+15 | P3: 197340 | Q3: 3209.27 | R3: 0 | S3: 0 | T3: 0 | U3: 0
A4: =B4&"-"&C4&"-"&D4&"-"&E4&"-"&F4&"-"&G4 -> 98304-1-98304-tf32-fp32-fp32 | B4: 98304 | C4: 1 | D4: 98304 | E4: tf32 | F4: fp32 | G4: fp32 | H4: 32768 | I4: 0 | J4: 0 | K4: 0 | L4: 64 | M4: 0 | N4: 633318697598976 | O4: 2.5333263e+15 | P4: 679952 | Q4: 931.417 | R4: 0 | S4: 0 | T4: 0 | U4: 0
A5: =B5&"-"&C5&"-"&D5&"-"&E5&"-"&F5&"-"&G5 -> 8192-1-8192-fp16-fp16-fp32 | B5: 8192 | C5: 1 | D5: 8192 | E5: fp16 | F5: fp16 | G5: fp32 | H5: 524288 | I5: 0 | J5: 0 | K5: 0 | L5: 64 | M5: 0 | N5: 70368744177664 | O5: 140771848093696 | P5: 145094 | Q5: 484.987 | R5: 0 | S5: 0 | T5: 0 | U5: 0
A6: =B6&"-"&C6&"-"&D6&"-"&E6&"-"&F6&"-"&G6 -> 32768-1-32768-int8-int32-int32 | B6: 32768 | C6: 1 | D6: 32768 | E6: int8 | F6: int32 | G6: int32 | H6: 65536 | I6: 0 | J6: 0 | K6: 0 | L6: 64 | M6: 0 | N6: 140737488355328 | O6: 140758963191808 | P6: 56317.6 | Q6: 2499 | R6: 0 | S6: 0 | T6: 0 | U6: 0
A7: =B7&"-"&C7&"-"&D7&"-"&E7&"-"&F7&"-"&G7 -> 32768-1-32768-bf8-fp32-fp32 | B7: 32768 | C7: 1 | D7: 32768 | E7: bf8 | F7: fp32 | G7: fp32
A8: =B8&"-"&C8&"-"&D8&"-"&E8&"-"&F8&"-"&G8 -> 65536-1-65536-fp16-fp32-fp32 | B8: 65536 | C8: 1 | D8: 65536 | E8: fp16 | F8: fp32 | G8: fp32 | H8: 32768 | I8: 0 | J8: 0 | K8: 0 | L8: 64 | M8: 0 | N8: 281474976710656 | O8: 562975723225088 | P8: 94441.5 | Q8: 2980.42 | R8: 0 | S8: 0 | T8: 0 | U8: 0
A9: =B9&"-"&C9&"-"&D9&"-"&E9&"-"&F9&"-"&G9 -> 8192-1-8192-bf8-fp32-fp32 | B9: 8192 | C9: 1 | D9: 8192 | E9: bf8 | F9: fp32 | G9: fp32
A10: =B10&"-"&C10&"-"&D10&"-"&E10&"-"&F10&"-"&G10 -> 65536-1-65536-bf16-fp32-fp32 | B10: 65536 | C10: 1 | D10: 65536 | E10: bf16 | F10: fp32 | G10: fp32 | H10: 32768 | I10: 0 | J10: 0 | K10: 0 | L10: 64 | M10: 0 | N10: 281474976710656 | O10: 562975723225088 | P10: 94977.9 | Q10: 2963.58 | R10: 0 | S10: 0 | T10: 0 | U10: 0
A11: =B11&"-"&C11&"-"&D11&"-"&E11&"-"&F11&"-"&G11 -> 65536-1-65536-bf16-bf16-fp32 | B11: 65536 | C11: 1 | D11: 65536 | E11: bf16 | F11: bf16 | G11: fp32 | H11: 32768 | I11: 0 | J11: 0 | K11: 0 | L11: 64 | M11: 0 | N11: 281474976710656 | O11: 562967133290496 | P11: 109588 | Q11: 2568.49 | R11: 0 | S11: 0 | T11: 0 | U11: 0
A12: =B12&"-"&C12&"-"&D12&"-"&E12&"-"&F12&"-"&G12 -> 32768-1-32768-bf16-fp32-fp32 | B12: 32768 | C12: 1 | D12: 32768 | E12: bf16 | F12: fp32 | G12: fp32 | H12: 65536 | I12: 0 | J12: 0 | K12: 0 | L12: 64 | M12: 0 | N12: 140737488355328 | O12: 281500746514432 | P12: 71780.9 | Q12: 1960.65 | R12: 0 | S12: 0 | T12: 0 | U12: 0
A13: =B13&"-"&C13&"-"&D13&"-"&E13&"-"&F13&"-"&G13 -> 16384-1-16384-fp32-fp32-fp32 | B13: 16384 | C13: 1 | D13: 16384 | E13: fp32 | F13: fp32 | G13: fp32 | H13: 131072 | I13: 0 | J13: 0 | K13: 0 | L13: 64 | M13: 0 | N13: 70368744177664 | O13: 281509336449024 | P13: 139350 | Q13: 504.977 | R13: 0 | S13: 0 | T13: 0 | U13: 0
A14: =B14&"-"&C14&"-"&D14&"-"&E14&"-"&F14&"-"&G14 -> 8192-1-8192-fp8-fp32-fp32 | B14: 8192 | C14: 1 | D14: 8192 | E14: fp8 | F14: fp32 | G14: fp32
A15: =B15&"-"&C15&"-"&D15&"-"&E15&"-"&F15&"-"&G15 -> 32768-1-32768-tf32-fp32-fp32 | B15: 32768 | C15: 1 | D15: 32768 | E15: tf32 | F15: fp32 | G15: fp32 | H15: 65536 | I15: 0 | J15: 0 | K15: 0 | L15: 64 | M15: 0 | N15: 140737488355328 | O15: 562984313159680 | P15: 149014 | Q15: 944.46 | R15: 0 | S15: 0 | T15: 0 | U15: 0
A16: =B16&"-"&C16&"-"&D16&"-"&E16&"-"&F16&"-"&G16 -> 65536-1-65536-fp8-fp32-fp32 | B16: 65536 | C16: 1 | D16: 65536 | E16: fp8 | F16: fp32 | G16: fp32
A17: =B17&"-"&C17&"-"&D17&"-"&E17&"-"&F17&"-"&G17 -> 16384-1-16384-fp16-fp32-fp32 | B17: 16384 | C17: 1 | D17: 16384 | E17: fp16 | F17: fp32 | G17: fp32 | H17: 131072 | I17: 0 | J17: 0 | K17: 0 | L17: 64 | M17: 0 | N17: 70368744177664 | O17: 140763258159104 | P17: 72425.1 | Q17: 971.607 | R17: 0 | S17: 0 | T17: 0 | U17: 0
A18: =B18&"-"&C18&"-"&D18&"-"&E18&"-"&F18&"-"&G18 -> 98304-1-98304-fp32-fp32-fp32 | B18: 98304 | C18: 1 | D18: 98304 | E18: fp32 | F18: fp32 | G18: fp32 | H18: 32768 | I18: 0 | J18: 0 | K18: 0 | L18: 64 | M18: 0 | N18: 633318697598976 | O18: 2.5333263e+15 | P18: 683148 | Q18: 927.059 | R18: 0 | S18: 0 | T18: 0 | U18: 0
A19: =B19&"-"&C19&"-"&D19&"-"&E19&"-"&F19&"-"&G19 -> 32768-1-32768-bf16-bf16-fp32 | B19: 32768 | C19: 1 | D19: 32768 | E19: bf16 | F19: bf16 | G19: fp32 | H19: 65536 | I19: 0 | J19: 0 | K19: 0 | L19: 64 | M19: 0 | N19: 140737488355328 | O19: 281492156579840 | P19: 77409.3 | Q19: 1818.1 | R19: 0 | S19: 0 | T19: 0 | U19: 0
A20: =B20&"-"&C20&"-"&D20&"-"&E20&"-"&F20&"-"&G20 -> 8192-1-8192-fp32-fp32-fp32 | B20: 8192 | C20: 1 | D20: 8192 | E20: fp32 | F20: fp32 | G20: fp32 | H20: 524288 | I20: 0 | J20: 0 | K20: 0 | L20: 64 | M20: 0 | N20: 70368744177664 | O20: 281543696187392 | P20: 286065 | Q20: 245.989 | R20: 0 | S20: 0 | T20: 0 | U20: 0
A21: =B21&"-"&C21&"-"&D21&"-"&E21&"-"&F21&"-"&G21 -> 4096-1-4096-fp64-fp64-fp64 | B21: 4096 | C21: 1 | D21: 4096 | E21: fp64 | F21: fp64 | G21: fp64 | H21: 524288 | I21: 0 | J21: 0 | K21: 0 | L21: 64 | M21: 0 | N21: 17592186044416 | O21: 140806207832064 | P21: 29408.4 | Q21: 598.203 | R21: 0 | S21: 0 | T21: 0 | U21: 0
A22: =B22&"-"&C22&"-"&D22&"-"&E22&"-"&F22&"-"&G22 -> 16384-1-16384-fp16-fp16-fp32 | B22: 16384 | C22: 1 | D22: 16384 | E22: fp16 | F22: fp16 | G22: fp32 | H22: 131072 | I22: 0 | J22: 0 | K22: 0 | L22: 64 | M22: 0 | N22: 70368744177664 | O22: 140754668224512 | P22: 76348.1 | Q22: 921.683 | R22: 0 | S22: 0 | T22: 0 | U22: 0
A23: =B23&"-"&C23&"-"&D23&"-"&E23&"-"&F23&"-"&G23 -> 16384-1-16384-bf16-fp32-fp32 | B23: 16384 | C23: 1 | D23: 16384 | E23: bf16 | F23: fp32 | G23: fp32 | H23: 131072 | I23: 0 | J23: 0 | K23: 0 | L23: 64 | M23: 0 | N23: 70368744177664 | O23: 140763258159104 | P23: 72368.7 | Q23: 972.365 | R23: 0 | S23: 0 | T23: 0 | U23: 0
A24: =B24&"-"&C24&"-"&D24&"-"&E24&"-"&F24&"-"&G24 -> 4096-1-4096-fp16-fp16-fp32 | B24: 4096 | C24: 1 | D24: 4096 | E24: fp16 | F24: fp16 | G24: fp32 | H24: 524288 | I24: 0 | J24: 0 | K24: 0 | L24: 64 | M24: 0 | N24: 17592186044416 | O24: 35201551958016 | P24: 29004.1 | Q24: 606.541 | R24: 0 | S24: 0 | T24: 0 | U24: 0
A25: =B25&"-"&C25&"-"&D25&"-"&E25&"-"&F25&"-"&G25 -> 98304-1-98304-fp64-fp64-fp64 | B25: 98304 | C25: 1 | D25: 98304 | E25: fp64 | F25: fp64 | G25: fp64 | H25: 32768 | I25: 0 | J25: 0 | K25: 0 | L25: 64 | M25: 0 | N25: 633318697598976 | O25: 5.0666527e+15 | P25: 524134 | Q25: 1208.32 | R25: 0 | S25: 0 | T25: 0 | U25: 0
A26: =B26&"-"&C26&"-"&D26&"-"&E26&"-"&F26&"-"&G26 -> 16384-1-16384-fp16-fp16-fp16 | B26: 16384 | C26: 1 | D26: 16384 | E26: fp16 | F26: fp16 | G26: fp16 | H26: 131072 | I26: 0 | J26: 0 | K26: 0 | L26: 64 | M26: 0 | N26: 70368744177664 | O26: 140754668224512 | P26: 57287 | Q26: 1228.35 | R26: 0 | S26: 0 | T26: 0 | U26: 0
A27: =B27&"-"&C27&"-"&D27&"-"&E27&"-"&F27&"-"&G27 -> 98304-1-98304-int8-int32-int32 | B27: 98304 | C27: 1 | D27: 98304 | E27: int8 | F27: int32 | G27: int32 | H27: 32768 | I27: 0 | J27: 0 | K27: 0 | L27: 64 | M27: 0 | N27: 633318697598976 | O27: 633350909853696 | P27: 198312 | Q27: 3193.55 | R27: 0 | S27: 0 | T27: 0 | U27: 0
A28: =B28&"-"&C28&"-"&D28&"-"&E28&"-"&F28&"-"&G28 -> 32768-1-32768-fp64-fp64-fp64 | B28: 32768 | C28: 1 | D28: 32768 | E28: fp64 | F28: fp64 | G28: fp64 | H28: 65536 | I28: 0 | J28: 0 | K28: 0 | L28: 64 | M28: 0 | N28: 140737488355328 | O28: 1.1259686e+15 | P28: 123548 | Q28: 1139.13 | R28: 0 | S28: 0 | T28: 0 | U28: 0
A29: =B29&"-"&C29&"-"&D29&"-"&E29&"-"&F29&"-"&G29 -> 4096-1-4096-fp16-fp16-fp16 | B29: 4096 | C29: 1 | D29: 4096 | E29: fp16 | F29: fp16 | G29: fp16 | H29: 524288 | I29: 0 | J29: 0 | K29: 0 | L29: 64 | M29: 0 | N29: 17592186044416 | O29: 35201551958016 | P29: 66876.1 | Q29: 263.056 | R29: 0 | S29: 0 | T29: 0 | U29: 0
A30: =B30&"-"&C30&"-"&D30&"-"&E30&"-"&F30&"-"&G30 -> 16384-1-16384-bf8-fp32-fp32 | B30: 16384 | C30: 1 | D30: 16384 | E30: bf8 | F30: fp32 | G30: fp32
A31: =B31&"-"&C31&"-"&D31&"-"&E31&"-"&F31&"-"&G31 -> 65536-1-65536-bf8-fp32-fp32 | B31: 65536 | C31: 1 | D31: 65536 | E31: bf8 | F31: fp32 | G31: fp32
A32: =B32&"-"&C32&"-"&D32&"-"&E32&"-"&F32&"-"&G32 -> 65536-1-65536-fp32-fp32-fp32 | B32: 65536 | C32: 1 | D32: 65536 | E32: fp32 | F32: fp32 | G32: fp32 | H32: 32768 | I32: 0 | J32: 0 | K32: 0 | L32: 64 | M32: 0 | N32: 281474976710656 | O32: 1.1259343e+15 | P32: 295156 | Q32: 953.647 | R32: 0 | S32: 0 | T32: 0 | U32: 0
A33: =B33&"-"&C33&"-"&D33&"-"&E33&"-"&F33&"-"&G33 -> 32768-1-32768-fp16-fp16-fp16 | B33: 32768 | C33: 1 | D33: 32768 | E33: fp16 | F33: fp16 | G33: fp16 | H33: 65536 | I33: 0 | J33: 0 | K33: 0 | L33: 64 | M33: 0 | N33: 140737488355328 | O33: 281492156579840 | P33: 103694 | Q33: 1357.23 | R33: 0 | S33: 0 | T33: 0 | U33: 0
A34: =B34&"-"&C34&"-"&D34&"-"&E34&"-"&F34&"-"&G34 -> 4096-1-4096-bf16-bf16-fp32 | B34: 4096 | C34: 1 | D34: 4096 | E34: bf16 | F34: bf16 | G34: fp32 | H34: 524288 | I34: 0 | J34: 0 | K34: 0 | L34: 64 | M34: 0 | N34: 17592186044416 | O34: 35201551958016 | P34: 29070.7 | Q34: 605.152 | R34: 0 | S34: 0 | T34: 0 | U34: 0
A35: =B35&"-"&C35&"-"&D35&"-"&E35&"-"&F35&"-"&G35 -> 98304-1-98304-bf16-fp32-fp32 | B35: 98304 | C35: 1 | D35: 98304 | E35: bf16 | F35: fp32 | G35: fp32 | H35: 32768 | I35: 0 | J35: 0 | K35: 0 | L35: 64 | M35: 0 | N35: 633318697598976 | O35: 1.266676e+15 | P35: 196599 | Q35: 3221.37 | R35: 0 | S35: 0 | T35: 0 | U35: 0
A36: =B36&"-"&C36&"-"&D36&"-"&E36&"-"&F36&"-"&G36 -> 32768-1-32768-fp8-fp32-fp32 | B36: 32768 | C36: 1 | D36: 32768 | E36: fp8 | F36: fp32 | G36: fp32
A37: =B37&"-"&C37&"-"&D37&"-"&E37&"-"&F37&"-"&G37 -> 65536-1-65536-int8-int32-int32 | B37: 65536 | C37: 1 | D37: 65536 | E37: int8 | F37: int32 | G37: int32 | H37: 32768 | I37: 0 | J37: 0 | K37: 0 | L37: 64 | M37: 0 | N37: 281474976710656 | O37: 281496451547136 | P37: 66943.4 | Q37: 4204.67 | R37: 0 | S37: 0 | T37: 0 | U37: 0
A38: =B38&"-"&C38&"-"&D38&"-"&E38&"-"&F38&"-"&G38 -> 8192-1-8192-fp16-fp32-fp32 | B38: 8192 | C38: 1 | D38: 8192 | E38: fp16 | F38: fp32 | G38: fp32 | H38: 524288 | I38: 0 | J38: 0 | K38: 0 | L38: 64 | M38: 0 | N38: 70368744177664 | O38: 140789027962880 | P38: 167476 | Q38: 420.172 | R38: 0 | S38: 0 | T38: 0 | U38: 0
A39: =B39&"-"&C39&"-"&D39&"-"&E39&"-"&F39&"-"&G39 -> 32768-1-32768-fp16-fp16-fp32 | B39: 32768 | C39: 1 | D39: 32768 | E39: fp16 | F39: fp16 | G39: fp32 | H39: 65536 | I39: 0 | J39: 0 | K39: 0 | L39: 64 | M39: 0 | N39: 140737488355328 | O39: 281492156579840 | P39: 78179.2 | Q39: 1800.19 | R39: 0 | S39: 0 | T39: 0 | U39: 0
A40: =B40&"-"&C40&"-"&D40&"-"&E40&"-"&F40&"-"&G40 -> 98304-1-98304-bf8-fp32-fp32 | B40: 98304 | C40: 1 | D40: 98304 | E40: bf8 | F40: fp32 | G40: fp32
A41: =B41&"-"&C41&"-"&D41&"-"&E41&"-"&F41&"-"&G41 -> 16384-1-16384-tf32-fp32-fp32 | B41: 16384 | C41: 1 | D41: 16384 | E41: tf32 | F41: fp32 | G41: fp32 | H41: 131072 | I41: 0 | J41: 0 | K41: 0 | L41: 64 | M41: 0 | N41: 70368744177664 | O41: 281509336449024 | P41: 138981 | Q41: 506.321 | R41: 0 | S41: 0 | T41: 0 | U41: 0
A42: =B42&"-"&C42&"-"&D42&"-"&E42&"-"&F42&"-"&G42 -> 8192-1-8192-fp16-fp16-fp16 | B42: 8192 | C42: 1 | D42: 8192 | E42: fp16 | F42: fp16 | G42: fp16 | H42: 524288 | I42: 0 | J42: 0 | K42: 0 | L42: 64 | M42: 0 | N42: 70368744177664 | O42: 140771848093696 | P42: 217710 | Q42: 323.222 | R42: 0 | S42: 0 | T42: 0 | U42: 0
A43: =B43&"-"&C43&"-"&D43&"-"&E43&"-"&F43&"-"&G43 -> 8192-1-8192-fp64-fp64-fp64 | B43: 8192 | C43: 1 | D43: 8192 | E43: fp64 | F43: fp64 | G43: fp64 | H43: 524288 | I43: 0 | J43: 0 | K43: 0 | L43: 64 | M43: 0 | N43: 70368744177664 | O43: 563087392374784 | P43: 89669.7 | Q43: 784.755 | R43: 0 | S43: 0 | T43: 0 | U43: 0
A44: =B44&"-"&C44&"-"&D44&"-"&E44&"-"&F44&"-"&G44 -> 16384-1-16384-int8-int32-int32 | B44: 16384 | C44: 1 | D44: 16384 | E44: int8 | F44: int32 | G44: int32 | H44: 131072 | I44: 0 | J44: 0 | K44: 0 | L44: 64 | M44: 0 | N44: 70368744177664 | O44: 70390219014144 | P44: 53357.5 | Q44: 1318.82 | R44: 0 | S44: 0 | T44: 0 | U44: 0
A45: =B45&"-"&C45&"-"&D45&"-"&E45&"-"&F45&"-"&G45 -> 4096-1-4096-fp32-fp32-fp32 | B45: 4096 | C45: 1 | D45: 4096 | E45: fp32 | F45: fp32 | G45: fp32 | H45: 524288 | I45: 0 | J45: 0 | K45: 0 | L45: 64 | M45: 0 | N45: 17592186044416 | O45: 70403103916032 | P45: 151660 | Q45: 115.997 | R45: 0 | S45: 0 | T45: 0 | U45: 0
A46: =B46&"-"&C46&"-"&D46&"-"&E46&"-"&F46&"-"&G46 -> 98304-1-98304-fp8-fp32-fp32 | B46: 98304 | C46: 1 | D46: 98304 | E46: fp8 | F46: fp32 | G46: fp32
A47: =B47&"-"&C47&"-"&D47&"-"&E47&"-"&F47&"-"&G47 -> 4096-1-4096-fp8-fp32-fp32 | B47: 4096 | C47: 1 | D47: 4096 | E47: fp8 | F47: fp32 | G47: fp32
A48: =B48&"-"&C48&"-"&D48&"-"&E48&"-"&F48&"-"&G48 -> 16384-1-16384-fp8-fp32-fp32 | B48: 16384 | C48: 1 | D48: 16384 | E48: fp8 | F48: fp32 | G48: fp32
A49: =B49&"-"&C49&"-"&D49&"-"&E49&"-"&F49&"-"&G49 -> 65536-1-65536-fp16-fp16-fp32 | B49: 65536 | C49: 1 | D49: 65536 | E49: fp16 | F49: fp16 | G49: fp32 | H49: 32768 | I49: 0 | J49: 0 | K49: 0 | L49: 64 | M49: 0 | N49: 281474976710656 | O49: 562967133290496 | P49: 110207 | Q49: 2554.06 | R49: 0 | S49: 0 | T49: 0 | U49: 0
A50: =B50&"-"&C50&"-"&D50&"-"&E50&"-"&F50&"-"&G50 -> 4096-1-4096-int8-int32-int32 | B50: 4096 | C50: 1 | D50: 4096 | E50: int8 | F50: int32 | G50: int32 | H50: 524288 | I50: 0 | J50: 0 | K50: 0 | L50: 64 | M50: 0 | N50: 17592186044416 | O50: 17613660880896 | P50: 69253.6 | Q50: 254.026 | R50: 0 | S50: 0 | T50: 0 | U50: 0
A51: =B51&"-"&C51&"-"&D51&"-"&E51&"-"&F51&"-"&G51 -> 8192-1-8192-tf32-fp32-fp32 | B51: 8192 | C51: 1 | D51: 8192 | E51: tf32 | F51: fp32 | G51: fp32 | H51: 524288 | I51: 0 | J51: 0 | K51: 0 | L51: 64 | M51: 0 | N51: 70368744177664 | O51: 281543696187392 | P51: 286210 | Q51: 245.864 | R51: 0 | S51: 0 | T51: 0 | U51: 0
A52: =B52&"-"&C52&"-"&D52&"-"&E52&"-"&F52&"-"&G52 -> 4096-1-4096-tf32-fp32-fp32 | B52: 4096 | C52: 1 | D52: 4096 | E52: tf32 | F52: fp32 | G52: fp32 | H52: 524288 | I52: 0 | J52: 0 | K52: 0 | L52: 64 | M52: 0 | N52: 17592186044416 | O52: 70403103916032 | P52: 151732 | Q52: 115.942 | R52: 0 | S52: 0 | T52: 0 | U52: 0
A53: =B53&"-"&C53&"-"&D53&"-"&E53&"-"&F53&"-"&G53 -> 65536-1-65536-fp64-fp64-fp64 | B53: 65536 | C53: 1 | D53: 65536 | E53: fp64 | F53: fp64 | G53: fp64 | H53: 32768 | I53: 0 | J53: 0 | K53: 0 | L53: 64 | M53: 0 | N53: 281474976710656 | O53: 2.2518685e+15 | P53: 231013 | Q53: 1218.44 | R53: 0 | S53: 0 | T53: 0 | U53: 0
A54: =B54&"-"&C54&"-"&D54&"-"&E54&"-"&F54&"-"&G54 -> 8192-1-8192-bf16-fp32-fp32 | B54: 8192 | C54: 1 | D54: 8192 | E54: bf16 | F54: fp32 | G54: fp32 | H54: 524288 | I54: 0 | J54: 0 | K54: 0 | L54: 64 | M54: 0 | N54: 70368744177664 | O54: 140789027962880 | P54: 167397 | Q54: 420.37 | R54: 0 | S54: 0 | T54: 0 | U54: 0
A55: =B55&"-"&C55&"-"&D55&"-"&E55&"-"&F55&"-"&G55 -> 4096-1-4096-bf8-fp32-fp32 | B55: 4096 | C55: 1 | D55: 4096 | E55: bf8 | F55: fp32 | G55: fp32
A56: =B56&"-"&C56&"-"&D56&"-"&E56&"-"&F56&"-"&G56 -> 65536-1-65536-tf32-fp32-fp32 | B56: 65536 | C56: 1 | D56: 65536 | E56: tf32 | F56: fp32 | G56: fp32 | H56: 32768 | I56: 0 | J56: 0 | K56: 0 | L56: 64 | M56: 0 | N56: 281474976710656 | O56: 1.1259343e+15 | P56: 295053 | Q56: 953.98 | R56: 0 | S56: 0 | T56: 0 | U56: 0
A57: =B57&"-"&C57&"-"&D57&"-"&E57&"-"&F57&"-"&G57 -> 32768-1-32768-fp16-fp32-fp32 | B57: 32768 | C57: 1 | D57: 32768 | E57: fp16 | F57: fp32 | G57: fp32 | H57: 65536 | I57: 0 | J57: 0 | K57: 0 | L57: 64 | M57: 0 | N57: 140737488355328 | O57: 281500746514432 | P57: 71762 | Q57: 1961.17 | R57: 0 | S57: 0 | T57: 0 | U57: 0
A58: =B58&"-"&C58&"-"&D58&"-"&E58&"-"&F58&"-"&G58 -> 8192-1-8192-bf16-bf16-fp32 | B58: 8192 | C58: 1 | D58: 8192 | E58: bf16 | F58: bf16 | G58: fp32 | H58: 524288 | I58: 0 | J58: 0 | K58: 0 | L58: 64 | M58: 0 | N58: 70368744177664 | O58: 140771848093696 | P58: 144970 | Q58: 485.403 | R58: 0 | S58: 0 | T58: 0 | U58: 0
A59: =B59&"-"&C59&"-"&D59&"-"&E59&"-"&F59&"-"&G59 -> 98304-1-98304-fp16-fp16-fp16 | B59: 98304 | C59: 1 | D59: 98304 | E59: fp16 | F59: fp16 | G59: fp16 | H59: 32768 | I59: 0 | J59: 0 | K59: 0 | L59: 64 | M59: 0 | N59: 633318697598976 | O59: 1.2666632e+15 | P59: 412002 | Q59: 1537.17 | R59: 0 | S59: 0 | T59: 0 | U59: 0
A60: =B60&"-"&C60&"-"&D60&"-"&E60&"-"&F60&"-"&G60 -> 16384-1-16384-fp64-fp64-fp64 | B60: 16384 | C60: 1 | D60: 16384 | E60: fp64 | F60: fp64 | G60: fp64 | H60: 131072 | I60: 0 | J60: 0 | K60: 0 | L60: 64 | M60: 0 | N60: 70368744177664 | O60: 563018672898048 | P60: 61392.2 | Q60: 1146.22 | R60: 0 | S60: 0 | T60: 0 | U60: 0
A61: =B61&"-"&C61&"-"&D61&"-"&E61&"-"&F61&"-"&G61 -> 4096-1-4096-bf16-fp32-fp32 | B61: 4096 | C61: 1 | D61: 4096 | E61: bf16 | F61: fp32 | G61: fp32 | H61: 524288 | I61: 0 | J61: 0 | K61: 0 | L61: 64 | M61: 0 | N61: 17592186044416 | O61: 35210141892608 | P61: 97584.2 | Q61: 180.277 | R61: 0 | S61: 0 | T61: 0 | U61: 0
A62: =B62&"-"&C62&"-"&D62&"-"&E62&"-"&F62&"-"&G62 -> 16384-1-16384-bf16-bf16-fp32 | B62: 16384 | C62: 1 | D62: 16384 | E62: bf16 | F62: bf16 | G62: fp32 | H62: 131072 | I62: 0 | J62: 0 | K62: 0 | L62: 64 | M62: 0 | N62: 70368744177664 | O62: 140754668224512 | P62: 76427.8 | Q62: 920.722 | R62: 0 | S62: 0 | T62: 0 | U62: 0
A63: =B63&"-"&C63&"-"&D63&"-"&E63&"-"&F63&"-"&G63 -> 4096-1-4096-fp16-fp32-fp32 | B63: 4096 | C63: 1 | D63: 4096 | E63: fp16 | F63: fp32 | G63: fp32 | H63: 524288 | I63: 0 | J63: 0 | K63: 0 | L63: 64 | M63: 0 | N63: 17592186044416 | O63: 35210141892608 | P63: 97591.6 | Q63: 180.263 | R63: 0 | S63: 0 | T63: 0 | U63: 0
A64: =B64&"-"&C64&"-"&D64&"-"&E64&"-"&F64&"-"&G64 -> 65536-1-65536-fp16-fp16-fp16 | B64: 65536 | C64: 1 | D64: 65536 | E64: fp16 | F64: fp16 | G64: fp16 | H64: 32768 | I64: 0 | J64: 0 | K64: 0 | L64: 64 | M64: 0 | N64: 281474976710656 | O64: 562967133290496 | P64: 207116 | Q64: 1359.02 | R64: 0 | S64: 0 | T64: 0 | U64: 0
A65: =B65&"-"&C65&"-"&D65&"-"&E65&"-"&F65&"-"&G65 -> 98304-1-98304-bf16-bf16-fp32 | B65: 98304 | C65: 1 | D65: 98304 | E65: bf16 | F65: bf16 | G65: fp32 | H65: 32768 | I65: 0 | J65: 0 | K65: 0 | L65: 64 | M65: 0 | N65: 633318697598976 | O65: 1.2666632e+15 | P65: 284577 | Q65: 2225.47 | R65: 0 | S65: 0 | T65: 0 | U65: 0
A66: =B66&"-"&C66&"-"&D66&"-"&E66&"-"&F66&"-"&G66 -> 98304-1-98304-fp16-fp16-fp32 | B66: 98304 | C66: 1 | D66: 98304 | E66: fp16 | F66: fp16 | G66: fp32 | H66: 32768 | I66: 0 | J66: 0 | K66: 0 | L66: 64 | M66: 0 | N66: 633318697598976 | O66: 1.2666632e+15 | P66: 285429 | Q66: 2218.83 | R66: 0 | S66: 0 | T66: 0 | U66: 0
A67: =B67&"-"&C67&"-"&D67&"-"&E67&"-"&F67&"-"&G67 -> 32768-1-32768-fp32-fp32-fp32 | B67: 32768 | C67: 1 | D67: 32768 | E67: fp32 | F67: fp32 | G67: fp32 | H67: 65536 | I67: 0 | J67: 0 | K67: 0 | L67: 64 | M67: 0 | N67: 140737488355328 | O67: 562984313159680 | P67: 148151 | Q67: 949.957 | R67: 0 | S67: 0 | T67: 0 | U67: 0

Sheet rocblas_mi325x_750W_Auto_GF
B1: M | C1: N | D1: K | E1: mul | F1: acc | G1: scale | H1: n_iter | I1: n_thread | J1: n_wg | K1: n_wf | L1: wf_size | M1: wg_size | N1: n_flops | O1: n_bytes | P1: time_ms | Q1: gflop/s | R1: avg_clock | S1: max_clock | T1: min_clock | U1: stdev_clock
A2: =B2&"-"&C2&"-"&D2&"-"&E2&"-"&F2&"-"&G2 -> 8192-1-8192-int8-int32-int32 | B2: 8192 | C2: 1 | D2: 8192 | E2: int8 | F2: int32 | G2: int32 | H2: 524288 | I2: 0 | J2: 0 | K2: 0 | L2: 64 | M2: 0 | N2: 70368744177664 | O2: 70411693850624 | P2: 110968 | Q2: 634.133 | R2: 0 | S2: 0 | T2: 0 | U2: 0
A3: =B3&"-"&C3&"-"&D3&"-"&E3&"-"&F3&"-"&G3 -> 98304-1-98304-fp16-fp32-fp32 | B3: 98304 | C3: 1 | D3: 98304 | E3: fp16 | F3: fp32 | G3: fp32 | H3: 32768 | I3: 0 | J3: 0 | K3: 0 | L3: 64 | M3: 0 | N3: 633318697598976 | O3: 1.266676e+15 | P3: 189541 | Q3: 3341.33 | R3: 0 | S3: 0 | T3: 0 | U3: 0
A4: =B4&"-"&C4&"-"&D4&"-"&E4&"-"&F4&"-"&G4 -> 98304-1-98304-tf32-fp32-fp32 | B4: 98304 | C4: 1 | D4: 98304 | E4: tf32 | F4: fp32 | G4: fp32 | H4: 32768 | I4: 0 | J4: 0 | K4: 0 | L4: 64 | M4: 0 | N4: 633318697598976 | O4: 2.5333263e+15 | P4: 694721 | Q4: 911.615 | R4: 0 | S4: 0 | T4: 0 | U4: 0
A5: =B5&"-"&C5&"-"&D5&"-"&E5&"-"&F5&"-"&G5 -> 8192-1-8192-fp16-fp16-fp32 | B5: 8192 | C5: 1 | D5: 8192 | E5: fp16 | F5: fp16 | G5: fp32 | H5: 524288 | I5: 0 | J5: 0 | K5: 0 | L5: 64 | M5: 0 | N5: 70368744177664 | O5: 140771848093696 | P5: 142968 | Q5: 492.201 | R5: 0 | S5: 0 | T5: 0 | U5: 0
A6: =B6&"-"&C6&"-"&D6&"-"&E6&"-"&F6&"-"&G6 -> 32768-1-32768-int8-int32-int32 | B6: 32768 | C6: 1 | D6: 32768 | E6: int8 | F6: int32 | G6: int32 | H6: 65536 | I6: 0 | J6: 0 | K6: 0 | L6: 64 | M6: 0 | N6: 140737488355328 | O6: 140758963191808 | P6: 55964 | Q6: 2514.79 | R6: 0 | S6: 0 | T6: 0 | U6: 0
A7: =B7&"-"&C7&"-"&D7&"-"&E7&"-"&F7&"-"&G7 -> 32768-1-32768-bf8-fp32-fp32 | B7: 32768 | C7: 1 | D7: 32768 | E7: bf8 | F7: fp32 | G7: fp32
A8: =B8&"-"&C8&"-"&D8&"-"&E8&"-"&F8&"-"&G8 -> 65536-1-65536-fp16-fp32-fp32 | B8: 65536 | C8: 1 | D8: 65536 | E8: fp16 | F8: fp32 | G8: fp32 | H8: 32768 | I8: 0 | J8: 0 | K8: 0 | L8: 64 | M8: 0 | N8: 281474976710656 | O8: 562975723225088 | P8: 90969.7 | Q8: 3094.16 | R8: 0 | S8: 0 | T8: 0 | U8: 0
A9: =B9&"-"&C9&"-"&D9&"-"&E9&"-"&F9&"-"&G9 -> 8192-1-8192-bf8-fp32-fp32 | B9: 8192 | C9: 1 | D9: 8192 | E9: bf8 | F9: fp32 | G9: fp32
A10: =B10&"-"&C10&"-"&D10&"-"&E10&"-"&F10&"-"&G10 -> 65536-1-65536-bf16-fp32-fp32 | B10: 65536 | C10: 1 | D10: 65536 | E10: bf16 | F10: fp32 | G10: fp32 | H10: 32768 | I10: 0 | J10: 0 | K10: 0 | L10: 64 | M10: 0 | N10: 281474976710656 | O10: 562975723225088 | P10: 90343.4 | Q10: 3115.61 | R10: 0 | S10: 0 | T10: 0 | U10: 0
A11: =B11&"-"&C11&"-"&D11&"-"&E11&"-"&F11&"-"&G11 -> 65536-1-65536-bf16-bf16-fp32 | B11: 65536 | C11: 1 | D11: 65536 | E11: bf16 | F11: bf16 | G11: fp32 | H11: 32768 | I11: 0 | J11: 0 | K11: 0 | L11: 64 | M11: 0 | N11: 281474976710656 | O11: 562967133290496 | P11: 103785 | Q11: 2712.1 | R11: 0 | S11: 0 | T11: 0 | U11: 0
A12: =B12&"-"&C12&"-"&D12&"-"&E12&"-"&F12&"-"&G12 -> 32768-1-32768-bf16-fp32-fp32 | B12: 32768 | C12: 1 | D12: 32768 | E12: bf16 | F12: fp32 | G12: fp32 | H12: 65536 | I12: 0 | J12: 0 | K12: 0 | L12: 64 | M12: 0 | N12: 140737488355328 | O12: 281500746514432 | P12: 73283 | Q12: 1920.46 | R12: 0 | S12: 0 | T12: 0 | U12: 0
A13: =B13&"-"&C13&"-"&D13&"-"&E13&"-"&F13&"-"&G13 -> 16384-1-16384-fp32-fp32-fp32 | B13: 16384 | C13: 1 | D13: 16384 | E13: fp32 | F13: fp32 | G13: fp32 | H13: 131072 | I13: 0 | J13: 0 | K13: 0 | L13: 64 | M13: 0 | N13: 70368744177664 | O13: 281509336449024 | P13: 139394 | Q13: 504.818 | R13: 0 | S13: 0 | T13: 0 | U13: 0
A14: =B14&"-"&C14&"-"&D14&"-"&E14&"-"&F14&"-"&G14 -> 8192-1-8192-fp8-fp32-fp32 | B14: 8192 | C14: 1 | D14: 8192 | E14: fp8 | F14: fp32 | G14: fp32
A15: =B15&"-"&C15&"-"&D15&"-"&E15&"-"&F15&"-"&G15 -> 32768-1-32768-tf32-fp32-fp32 | B15: 32768 | C15: 1 | D15: 32768 | E15: tf32 | F15: fp32 | G15: fp32 | H15: 65536 | I15: 0 | J15: 0 | K15: 0 | L15: 64 | M15: 0 | N15: 140737488355328 | O15: 562984313159680 | P15: 149394 | Q15: 942.054 | R15: 0 | S15: 0 | T15: 0 | U15: 0
A16: =B16&"-"&C16&"-"&D16&"-"&E16&"-"&F16&"-"&G16 -> 65536-1-65536-fp8-fp32-fp32 | B16: 65536 | C16: 1 | D16: 65536 | E16: fp8 | F16: fp32 | G16: fp32
A17: =B17&"-"&C17&"-"&D17&"-"&E17&"-"&F17&"-"&G17 -> 16384-1-16384-fp16-fp32-fp32 | B17: 16384 | C17: 1 | D17: 16384 | E17: fp16 | F17: fp32 | G17: fp32 | H17: 131072 | I17: 0 | J17: 0 | K17: 0 | L17: 64 | M17: 0 | N17: 70368744177664 | O17: 140763258159104 | P17: 72767.7 | Q17: 967.032 | R17: 0 | S17: 0 | T17: 0 | U17: 0
A18: =B18&"-"&C18&"-"&D18&"-"&E18&"-"&F18&"-"&G18 -> 98304-1-98304-fp32-fp32-fp32 | B18: 98304 | C18: 1 | D18: 98304 | E18: fp32 | F18: fp32 | G18: fp32 | H18: 32768 | I18: 0 | J18: 0 | K18: 0 | L18: 64 | M18: 0 | N18: 633318697598976 | O18: 2.5333263e+15 | P18: 694593 | Q18: 911.784 | R18: 0 | S18: 0 | T18: 0 | U18: 0
A19: =B19&"-"&C19&"-"&D19&"-"&E19&"-"&F19&"-"&G19 -> 32768-1-32768-bf16-bf16-fp32 | B19: 32768 | C19: 1 | D19: 32768 | E19: bf16 | F19: bf16 | G19: fp32 | H19: 65536 | I19: 0 | J19: 0 | K19: 0 | L19: 64 | M19: 0 | N19: 140737488355328 | O19: 281492156579840 | P19: 77764.8 | Q19: 1809.78 | R19: 0 | S19: 0 | T19: 0 | U19: 0
A20: =B20&"-"&C20&"-"&D20&"-"&E20&"-"&F20&"-"&G20 -> 8192-1-8192-fp32-fp32-fp32 | B20: 8192 | C20: 1 | D20: 8192 | E20: fp32 | F20: fp32 | G20: fp32 | H20: 524288 | I20: 0 | J20: 0 | K20: 0 | L20: 64 | M20: 0 | N20: 70368744177664 | O20: 281543696187392 | P20: 284704 | Q20: 247.165 | R20: 0 | S20: 0 | T20: 0 | U20: 0
A21: =B21&"-"&C21&"-"&D21&"-"&E21&"-"&F21&"-"&G21 -> 4096-1-4096-fp64-fp64-fp64 | B21: 4096 | C21: 1 | D21: 4096 | E21: fp64 | F21: fp64 | G21: fp64 | H21: 524288 | I21: 0 | J21: 0 | K21: 0 | L21: 64 | M21: 0 | N21: 17592186044416 | O21: 140806207832064 | P21: 26405.8 | Q21: 666.225 | R21: 0 | S21: 0 | T21: 0 | U21: 0
A22: =B22&"-"&C22&"-"&D22&"-"&E22&"-"&F22&"-"&G22 -> 16384-1-16384-fp16-fp16-fp32 | B22: 16384 | C22: 1 | D22: 16384 | E22: fp16 | F22: fp16 | G22: fp32 | H22: 131072 | I22: 0 | J22: 0 | K22: 0 | L22: 64 | M22: 0 | N22: 70368744177664 | O22: 140754668224512 | P22: 76193.9 | Q22: 923.549 | R22: 0 | S22: 0 | T22: 0 | U22: 0
A23: =B23&"-"&C23&"-"&D23&"-"&E23&"-"&F23&"-"&G23 -> 16384-1-16384-bf16-fp32-fp32 | B23: 16384 | C23: 1 | D23: 16384 | E23: bf16 | F23: fp32 | G23: fp32 | H23: 131072 | I23: 0 | J23: 0 | K23: 0 | L23: 64 | M23: 0 | N23: 70368744177664 | O23: 140763258159104 | P23: 72356.9 | Q23: 972.524 | R23: 0 | S23: 0 | T23: 0 | U23: 0
A24: =B24&"-"&C24&"-"&D24&"-"&E24&"-"&F24&"-"&G24 -> 4096-1-4096-fp16-fp16-fp32 | B24: 4096 | C24: 1 | D24: 4096 | E24: fp16 | F24: fp16 | G24: fp32 | H24: 524288 | I24: 0 | J24: 0 | K24: 0 | L24: 64 | M24: 0 | N24: 17592186044416 | O24: 35201551958016 | P24: 26121.8 | Q24: 673.468 | R24: 0 | S24: 0 | T24: 0 | U24: 0
A25: =B25&"-"&C25&"-"&D25&"-"&E25&"-"&F25&"-"&G25 -> 98304-1-98304-fp64-fp64-fp64 | B25: 98304 | C25: 1 | D25: 98304 | E25: fp64 | F25: fp64 | G25: fp64 | H25: 32768 | I25: 0 | J25: 0 | K25: 0 | L25: 64 | M25: 0 | N25: 633318697598976 | O25: 5.0666527e+15 | P25: 509742 | Q25: 1242.43 | R25: 0 | S25: 0 | T25: 0 | U25: 0
A26: =B26&"-"&C26&"-"&D26&"-"&E26&"-"&F26&"-"&G26 -> 16384-1-16384-fp16-fp16-fp16 | B26: 16384 | C26: 1 | D26: 16384 | E26: fp16 | F26: fp16 | G26: fp16 | H26: 131072 | I26: 0 | J26: 0 | K26: 0 | L26: 64 | M26: 0 | N26: 70368744177664 | O26: 140754668224512 | P26: 56588.8 | Q26: 1243.51 | R26: 0 | S26: 0 | T26: 0 | U26: 0
A27: =B27&"-"&C27&"-"&D27&"-"&E27&"-"&F27&"-"&G27 -> 98304-1-98304-int8-int32-int32 | B27: 98304 | C27: 1 | D27: 98304 | E27: int8 | F27: int32 | G27: int32 | H27: 32768 | I27: 0 | J27: 0 | K27: 0 | L27: 64 | M27: 0 | N27: 633318697598976 | O27: 633350909853696 | P27: 199310 | Q27: 3177.56 | R27: 0 | S27: 0 | T27: 0 | U27: 0
A28: =B28&"-"&C28&"-"&D28&"-"&E28&"-"&F28&"-"&G28 -> 32768-1-32768-fp64-fp64-fp64 | B28: 32768 | C28: 1 | D28: 32768 | E28: fp64 | F28: fp64 | G28: fp64 | H28: 65536 | I28: 0 | J28: 0 | K28: 0 | L28: 64 | M28: 0 | N28: 140737488355328 | O28: 1.1259686e+15 | P28: 119367 | Q28: 1179.04 | R28: 0 | S28: 0 | T28: 0 | U28: 0
A29: =B29&"-"&C29&"-"&D29&"-"&E29&"-"&F29&"-"&G29 -> 4096-1-4096-fp16-fp16-fp16 | B29: 4096 | C29: 1 | D29: 4096 | E29: fp16 | F29: fp16 | G29: fp16 | H29: 524288 | I29: 0 | J29: 0 | K29: 0 | L29: 64 | M29: 0 | N29: 17592186044416 | O29: 35201551958016 | P29: 63880.5 | Q29: 275.392 | R29: 0 | S29: 0 | T29: 0 | U29: 0
A30: =B30&"-"&C30&"-"&D30&"-"&E30&"-"&F30&"-"&G30 -> 16384-1-16384-bf8-fp32-fp32 | B30: 16384 | C30: 1 | D30: 16384 | E30: bf8 | F30: fp32 | G30: fp32
A31: =B31&"-"&C31&"-"&D31&"-"&E31&"-"&F31&"-"&G31 -> 65536-1-65536-bf8-fp32-fp32 | B31: 65536 | C31: 1 | D31: 65536 | E31: bf8 | F31: fp32 | G31: fp32
A32: =B32&"-"&C32&"-"&D32&"-"&E32&"-"&F32&"-"&G32 -> 65536-1-65536-fp32-fp32-fp32 | B32: 65536 | C32: 1 | D32: 65536 | E32: fp32 | F32: fp32 | G32: fp32 | H32: 32768 | I32: 0 | J32: 0 | K32: 0 | L32: 64 | M32: 0 | N32: 281474976710656 | O32: 1.1259343e+15 | P32: 302626 | Q32: 930.109 | R32: 0 | S32: 0 | T32: 0 | U32: 0
A33: =B33&"-"&C33&"-"&D33&"-"&E33&"-"&F33&"-"&G33 -> 32768-1-32768-fp16-fp16-fp16 | B33: 32768 | C33: 1 | D33: 32768 | E33: fp16 | F33: fp16 | G33: fp16 | H33: 65536 | I33: 0 | J33: 0 | K33: 0 | L33: 64 | M33: 0 | N33: 140737488355328 | O33: 281492156579840 | P33: 104326 | Q33: 1349.02 | R33: 0 | S33: 0 | T33: 0 | U33: 0
A34: =B34&"-"&C34&"-"&D34&"-"&E34&"-"&F34&"-"&G34 -> 4096-1-4096-bf16-bf16-fp32 | B34: 4096 | C34: 1 | D34: 4096 | E34: bf16 | F34: bf16 | G34: fp32 | H34: 524288 | I34: 0 | J34: 0 | K34: 0 | L34: 64 | M34: 0 | N34: 17592186044416 | O34: 35201551958016 | P34: 25984.3 | Q34: 677.03 | R34: 0 | S34: 0 | T34: 0 | U34: 0
A35: =B35&"-"&C35&"-"&D35&"-"&E35&"-"&F35&"-"&G35 -> 98304-1-98304-bf16-fp32-fp32 | B35: 98304 | C35: 1 | D35: 98304 | E35: bf16 | F35: fp32 | G35: fp32 | H35: 32768 | I35: 0 | J35: 0 | K35: 0 | L35: 64 | M35: 0 | N35: 633318697598976 | O35: 1.266676e+15 | P35: 188300 | Q35: 3363.36 | R35: 0 | S35: 0 | T35: 0 | U35: 0
A36: =B36&"-"&C36&"-"&D36&"-"&E36&"-"&F36&"-"&G36 -> 32768-1-32768-fp8-fp32-fp32 | B36: 32768 | C36: 1 | D36: 32768 | E36: fp8 | F36: fp32 | G36: fp32
A37: =B37&"-"&C37&"-"&D37&"-"&E37&"-"&F37&"-"&G37 -> 65536-1-65536-int8-int32-int32 | B37: 65536 | C37: 1 | D37: 65536 | E37: int8 | F37: int32 | G37: int32 | H37: 32768 | I37: 0 | J37: 0 | K37: 0 | L37: 64 | M37: 0 | N37: 281474976710656 | O37: 281496451547136 | P37: 66449.8 | Q37: 4235.91 | R37: 0 | S37: 0 | T37: 0 | U37: 0
A38: =B38&"-"&C38&"-"&D38&"-"&E38&"-"&F38&"-"&G38 -> 8192-1-8192-fp16-fp32-fp32 | B38: 8192 | C38: 1 | D38: 8192 | E38: fp16 | F38: fp32 | G38: fp32 | H38: 524288 | I38: 0 | J38: 0 | K38: 0 | L38: 64 | M38: 0 | N38: 70368744177664 | O38: 140789027962880 | P38: 164832 | Q38: 426.912 | R38: 0 | S38: 0 | T38: 0 | U38: 0
A39: =B39&"-"&C39&"-"&D39&"-"&E39&"-"&F39&"-"&G39 -> 32768-1-32768-fp16-fp16-fp32 | B39: 32768 | C39: 1 | D39: 32768 | E39: fp16 | F39: fp16 | G39: fp32 | H39: 65536 | I39: 0 | J39: 0 | K39: 0 | L39: 64 | M39: 0 | N39: 140737488355328 | O39: 281492156579840 | P39: 78208 | Q39: 1799.53 | R39: 0 | S39: 0 | T39: 0 | U39: 0
A40: =B40&"-"&C40&"-"&D40&"-"&E40&"-"&F40&"-"&G40 -> 98304-1-98304-bf8-fp32-fp32 | B40: 98304 | C40: 1 | D40: 98304 | E40: bf8 | F40: fp32 | G40: fp32
A41: =B41&"-"&C41&"-"&D41&"-"&E41&"-"&F41&"-"&G41 -> 16384-1-16384-tf32-fp32-fp32 | B41: 16384 | C41: 1 | D41: 16384 | E41: tf32 | F41: fp32 | G41: fp32 | H41: 131072 | I41: 0 | J41: 0 | K41: 0 | L41: 64 | M41: 0 | N41: 70368744177664 | O41: 281509336449024 | P41: 139389 | Q41: 504.838 | R41: 0 | S41: 0 | T41: 0 | U41: 0
A42: =B42&"-"&C42&"-"&D42&"-"&E42&"-"&F42&"-"&G42 -> 8192-1-8192-fp16-fp16-fp16 | B42: 8192 | C42: 1 | D42: 8192 | E42: fp16 | F42: fp16 | G42: fp16 | H42: 524288 | I42: 0 | J42: 0 | K42: 0 | L42: 64 | M42: 0 | N42: 70368744177664 | O42: 140771848093696 | P42: 214541 | Q42: 327.996 | R42: 0 | S42: 0 | T42: 0 | U42: 0
A43: =B43&"-"&C43&"-"&D43&"-"&E43&"-"&F43&"-"&G43 -> 8192-1-8192-fp64-fp64-fp64 | B43: 8192 | C43: 1 | D43: 8192 | E43: fp64 | F43: fp64 | G43: fp64 | H43: 524288 | I43: 0 | J43: 0 | K43: 0 | L43: 64 | M43: 0 | N43: 70368744177664 | O43: 563087392374784 | P43: 87171.7 | Q43: 807.243 | R43: 0 | S43: 0 | T43: 0 | U43: 0
A44: =B44&"-"&C44&"-"&D44&"-"&E44&"-"&F44&"-"&G44 -> 16384-1-16384-int8-int32-int32 | B44: 16384 | C44: 1 | D44: 16384 | E44: int8 | F44: int32 | G44: int32 | H44: 131072 | I44: 0 | J44: 0 | K44: 0 | L44: 64 | M44: 0 | N44: 70368744177664 | O44: 70390219014144 | P44: 52688.2 | Q44: 1335.57 | R44: 0 | S44: 0 | T44: 0 | U44: 0
A45: =B45&"-"&C45&"-"&D45&"-"&E45&"-"&F45&"-"&G45 -> 4096-1-4096-fp32-fp32-fp32 | B45: 4096 | C45: 1 | D45: 4096 | E45: fp32 | F45: fp32 | G45: fp32 | H45: 524288 | I45: 0 | J45: 0 | K45: 0 | L45: 64 | M45: 0 | N45: 17592186044416 | O45: 70403103916032 | P45: 148767 | Q45: 118.253 | R45: 0 | S45: 0 | T45: 0 | U45: 0
A46: =B46&"-"&C46&"-"&D46&"-"&E46&"-"&F46&"-"&G46 -> 98304-1-98304-fp8-fp32-fp32 | B46: 98304 | C46: 1 | D46: 98304 | E46: fp8 | F46: fp32 | G46: fp32
A47: =B47&"-"&C47&"-"&D47&"-"&E47&"-"&F47&"-"&G47 -> 4096-1-4096-fp8-fp32-fp32 | B47: 4096 | C47: 1 | D47: 4096 | E47: fp8 | F47: fp32 | G47: fp32
A48: =B48&"-"&C48&"-"&D48&"-"&E48&"-"&F48&"-"&G48 -> 16384-1-16384-fp8-fp32-fp32 | B48: 16384 | C48: 1 | D48: 16384 | E48: fp8 | F48: fp32 | G48: fp32
A49: =B49&"-"&C49&"-"&D49&"-"&E49&"-"&F49&"-"&G49 -> 65536-1-65536-fp16-fp16-fp32 | B49: 65536 | C49: 1 | D49: 65536 | E49: fp16 | F49: fp16 | G49: fp32 | H49: 32768 | I49: 0 | J49: 0 | K49: 0 | L49: 64 | M49: 0 | N49: 281474976710656 | O49: 562967133290496 | P49: 104635 | Q49: 2690.07 | R49: 0 | S49: 0 | T49: 0 | U49: 0
A50: =B50&"-"&C50&"-"&D50&"-"&E50&"-"&F50&"-"&G50 -> 4096-1-4096-int8-int32-int32 | B50: 4096 | C50: 1 | D50: 4096 | E50: int8 | F50: int32 | G50: int32 | H50: 524288 | I50: 0 | J50: 0 | K50: 0 | L50: 64 | M50: 0 | N50: 17592186044416 | O50: 17613660880896 | P50: 66095.2 | Q50: 266.165 | R50: 0 | S50: 0 | T50: 0 | U50: 0
A51: =B51&"-"&C51&"-"&D51&"-"&E51&"-"&F51&"-"&G51 -> 8192-1-8192-tf32-fp32-fp32 | B51: 8192 | C51: 1 | D51: 8192 | E51: tf32 | F51: fp32 | G51: fp32 | H51: 524288 | I51: 0 | J51: 0 | K51: 0 | L51: 64 | M51: 0 | N51: 70368744177664 | O51: 281543696187392 | P51: 284640 | Q51: 247.221 | R51: 0 | S51: 0 | T51: 0 | U51: 0
A52: =B52&"-"&C52&"-"&D52&"-"&E52&"-"&F52&"-"&G52 -> 4096-1-4096-tf32-fp32-fp32 | B52: 4096 | C52: 1 | D52: 4096 | E52: tf32 | F52: fp32 | G52: fp32 | H52: 524288 | I52: 0 | J52: 0 | K52: 0 | L52: 64 | M52: 0 | N52: 17592186044416 | O52: 70403103916032 | P52: 148682 | Q52: 118.321 | R52: 0 | S52: 0 | T52: 0 | U52: 0
A53: =B53&"-"&C53&"-"&D53&"-"&E53&"-"&F53&"-"&G53 -> 65536-1-65536-fp64-fp64-fp64 | B53: 65536 | C53: 1 | D53: 65536 | E53: fp64 | F53: fp64 | G53: fp64 | H53: 32768 | I53: 0 | J53: 0 | K53: 0 | L53: 64 | M53: 0 | N53: 281474976710656 | O53: 2.2518685e+15 | P53: 226834 | Q53: 1240.88 | R53: 0 | S53: 0 | T53: 0 | U53: 0
A54: =B54&"-"&C54&"-"&D54&"-"&E54&"-"&F54&"-"&G54 -> 8192-1-8192-bf16-fp32-fp32 | B54: 8192 | C54: 1 | D54: 8192 | E54: bf16 | F54: fp32 | G54: fp32 | H54: 524288 | I54: 0 | J54: 0 | K54: 0 | L54: 64 | M54: 0 | N54: 70368744177664 | O54: 140789027962880 | P54: 165025 | Q54: 426.413 | R54: 0 | S54: 0 | T54: 0 | U54: 0
A55: =B55&"-"&C55&"-"&D55&"-"&E55&"-"&F55&"-"&G55 -> 4096-1-4096-bf8-fp32-fp32 | B55: 4096 | C55: 1 | D55: 4096 | E55: bf8 | F55: fp32 | G55: fp32
A56: =B56&"-"&C56&"-"&D56&"-"&E56&"-"&F56&"-"&G56 -> 65536-1-65536-tf32-fp32-fp32 | B56: 65536 | C56: 1 | D56: 65536 | E56: tf32 | F56: fp32 | G56: fp32 | H56: 32768 | I56: 0 | J56: 0 | K56: 0 | L56: 64 | M56: 0 | N56: 281474976710656 | O56: 1.1259343e+15 | P56: 302120 | Q56: 931.665 | R56: 0 | S56: 0 | T56: 0 | U56: 0
A57: =B57&"-"&C57&"-"&D57&"-"&E57&"-"&F57&"-"&G57 -> 32768-1-32768-fp16-fp32-fp32 | B57: 32768 | C57: 1 | D57: 32768 | E57: fp16 | F57: fp32 | G57: fp32 | H57: 65536 | I57: 0 | J57: 0 | K57: 0 | L57: 64 | M57: 0 | N57: 140737488355328 | O57: 281500746514432 | P57: 73417.2 | Q57: 1916.96 | R57: 0 | S57: 0 | T57: 0 | U57: 0
A58: =B58&"-"&C58&"-"&D58&"-"&E58&"-"&F58&"-"&G58 -> 8192-1-8192-bf16-bf16-fp32 | B58: 8192 | C58: 1 | D58: 8192 | E58: bf16 | F58: bf16 | G58: fp32 | H58: 524288 | I58: 0 | J58: 0 | K58: 0 | L58: 64 | M58: 0 | N58: 70368744177664 | O58: 140771848093696 | P58: 143072 | Q58: 491.84 | R58: 0 | S58: 0 | T58: 0 | U58: 0
A59: =B59&"-"&C59&"-"&D59&"-"&E59&"-"&F59&"-"&G59 -> 98304-1-98304-fp16-fp16-fp16 | B59: 98304 | C59: 1 | D59: 98304 | E59: fp16 | F59: fp16 | G59: fp16 | H59: 32768 | I59: 0 | J59: 0 | K59: 0 | L59: 64 | M59: 0 | N59: 633318697598976 | O59: 1.2666632e+15 | P59: 410246 | Q59: 1543.75 | R59: 0 | S59: 0 | T59: 0 | U59: 0
A60: =B60&"-"&C60&"-"&D60&"-"&E60&"-"&F60&"-"&G60 -> 16384-1-16384-fp64-fp64-fp64 | B60: 16384 | C60: 1 | D60: 16384 | E60: fp64 | F60: fp64 | G60: fp64 | H60: 131072 | I60: 0 | J60: 0 | K60: 0 | L60: 64 | M60: 0 | N60: 70368744177664 | O60: 563018672898048 | P60: 58301.6 | Q60: 1206.98 | R60: 0 | S60: 0 | T60: 0 | U60: 0
A61: =B61&"-"&C61&"-"&D61&"-"&E61&"-"&F61&"-"&G61 -> 4096-1-4096-bf16-fp32-fp32 | B61: 4096 | C61: 1 | D61: 4096 | E61: bf16 | F61: fp32 | G61: fp32 | H61: 524288 | I61: 0 | J61: 0 | K61: 0 | L61: 64 | M61: 0 | N61: 17592186044416 | O61: 35210141892608 | P61: 94552.6 | Q61: 186.057 | R61: 0 | S61: 0 | T61: 0 | U61: 0
A62: =B62&"-"&C62&"-"&D62&"-"&E62&"-"&F62&"-"&G62 -> 16384-1-16384-bf16-bf16-fp32 | B62: 16384 | C62: 1 | D62: 16384 | E62: bf16 | F62: bf16 | G62: fp32 | H62: 131072 | I62: 0 | J62: 0 | K62: 0 | L62: 64 | M62: 0 | N62: 70368744177664 | O62: 140754668224512 | P62: 76206.6 | Q62: 923.395 | R62: 0 | S62: 0 | T62: 0 | U62: 0
A63: =B63&"-"&C63&"-"&D63&"-"&E63&"-"&F63&"-"&G63 -> 4096-1-4096-fp16-fp32-fp32 | B63: 4096 | C63: 1 | D63: 4096 | E63: fp16 | F63: fp32 | G63: fp32 | H63: 524288 | I63: 0 | J63: 0 | K63: 0 | L63: 64 | M63: 0 | N63: 17592186044416 | O63: 35210141892608 | P63: 94542.7 | Q63: 186.077 | R63: 0 | S63: 0 | T63: 0 | U63: 0
A64: =B64&"-"&C64&"-"&D64&"-"&E64&"-"&F64&"-"&G64 -> 65536-1-65536-fp16-fp16-fp16 | B64: 65536 | C64: 1 | D64: 65536 | E64: fp16 | F64: fp16 | G64: fp16 | H64: 32768 | I64: 0 | J64: 0 | K64: 0 | L64: 64 | M64: 0 | N64: 281474976710656 | O64: 562967133290496 | P64: 210046 | Q64: 1340.06 | R64: 0 | S64: 0 | T64: 0 | U64: 0
A65: =B65&"-"&C65&"-"&D65&"-"&E65&"-"&F65&"-"&G65 -> 98304-1-98304-bf16-bf16-fp32 | B65: 98304 | C65: 1 | D65: 98304 | E65: bf16 | F65: bf16 | G65: fp32 | H65: 32768 | I65: 0 | J65: 0 | K65: 0 | L65: 64 | M65: 0 | N65: 633318697598976 | O65: 1.2666632e+15 | P65: 283462 | Q65: 2234.23 | R65: 0 | S65: 0 | T65: 0 | U65: 0
A66: =B66&"-"&C66&"-"&D66&"-"&E66&"-"&F66&"-"&G66 -> 98304-1-98304-fp16-fp16-fp32 | B66: 98304 | C66: 1 | D66: 98304 | E66: fp16 | F66: fp16 | G66: fp32 | H66: 32768 | I66: 0 | J66: 0 | K66: 0 | L66: 64 | M66: 0 | N66: 633318697598976 | O66: 1.2666632e+15 | P66: 283680 | Q66: 2232.51 | R66: 0 | S66: 0 | T66: 0 | U66: 0
A67: =B67&"-"&C67&"-"&D67&"-"&E67&"-"&F67&"-"&G67 -> 32768-1-32768-fp32-fp32-fp32 | B67: 32768 | C67: 1 | D67: 32768 | E67: fp32 | F67: fp32 | G67: fp32 | H67: 65536 | I67: 0 | J67: 0 | K67: 0 | L67: 64 | M67: 0 | N67: 140737488355328 | O67: 562984313159680 | P67: 148672 | Q67: 946.632 | R67: 0 | S67: 0 | T67: 0 | U67: 0

Sheet rocblas_mi325x_750W_Manual_GF
B1: M | C1: N | D1: K | E1: mul | F1: acc | G1: scale | H1: n_iter | I1: n_thread | J1: n_wg | K1: n_wf | L1: wf_size | M1: wg_size | N1: n_flops | O1: n_bytes | P1: time_ms | Q1: gflop/s | R1: avg_clock | S1: max_clock | T1: min_clock | U1: stdev_clock
A2: =B2&"-"&C2&"-"&D2&"-"&E2&"-"&F2&"-"&G2 -> 8192-1-8192-int8-int32-int32 | B2: 8192 | C2: 1 | D2: 8192 | E2: int8 | F2: int32 | G2: int32 | H2: 524288 | I2: 0 | J2: 0 | K2: 0 | L2: 64 | M2: 0 | N2: 70368744177664 | O2: 70411693850624 | P2: 160331 | Q2: 438.897 | R2: 0 | S2: 0 | T2: 0 | U2: 0
A3: =B3&"-"&C3&"-"&D3&"-"&E3&"-"&F3&"-"&G3 -> 98304-1-98304-fp16-fp32-fp32 | B3: 98304 | C3: 1 | D3: 98304 | E3: fp16 | F3: fp32 | G3: fp32 | H3: 32768 | I3: 0 | J3: 0 | K3: 0 | L3: 64 | M3: 0 | N3: 633318697598976 | O3: 1.266676e+15 | P3: 183676 | Q3: 3448.02 | R3: 0 | S3: 0 | T3: 0 | U3: 0
A4: =B4&"-"&C4&"-"&D4&"-"&E4&"-"&F4&"-"&G4 -> 98304-1-98304-tf32-fp32-fp32 | B4: 98304 | C4: 1 | D4: 98304 | E4: tf32 | F4: fp32 | G4: fp32 | H4: 32768 | I4: 0 | J4: 0 | K4: 0 | L4: 64 | M4: 0 | N4: 633318697598976 | O4: 2.5333263e+15 | P4: 919181 | Q4: 689.003 | R4: 0 | S4: 0 | T4: 0 | U4: 0
A5: =B5&"-"&C5&"-"&D5&"-"&E5&"-"&F5&"-"&G5 -> 8192-1-8192-fp16-fp16-fp32 | B5: 8192 | C5: 1 | D5: 8192 | E5: fp16 | F5: fp16 | G5: fp32 | H5: 524288 | I5: 0 | J5: 0 | K5: 0 | L5: 64 | M5: 0 | N5: 70368744177664 | O5: 140771848093696 | P5: 207314 | Q5: 339.431 | R5: 0 | S5: 0 | T5: 0 | U5: 0
A6: =B6&"-"&C6&"-"&D6&"-"&E6&"-"&F6&"-"&G6 -> 32768-1-32768-int8-int32-int32 | B6: 32768 | C6: 1 | D6: 32768 | E6: int8 | F6: int32 | G6: int32 | H6: 65536 | I6: 0 | J6: 0 | K6: 0 | L6: 64 | M6: 0 | N6: 140737488355328 | O6: 140758963191808 | P6: 79371 | Q6: 1773.16 | R6: 0 | S6: 0 | T6: 0 | U6: 0
A7: =B7&"-"&C7&"-"&D7&"-"&E7&"-"&F7&"-"&G7 -> 32768-1-32768-bf8-fp32-fp32 | B7: 32768 | C7: 1 | D7: 32768 | E7: bf8 | F7: fp32 | G7: fp32
A8: =B8&"-"&C8&"-"&D8&"-"&E8&"-"&F8&"-"&G8 -> 65536-1-65536-fp16-fp32-fp32 | B8: 65536 | C8: 1 | D8: 65536 | E8: fp16 | F8: fp32 | G8: fp32 | H8: 32768 | I8: 0 | J8: 0 | K8: 0 | L8: 64 | M8: 0 | N8: 281474976710656 | O8: 562975723225088 | P8: 102268 | Q8: 2752.32 | R8: 0 | S8: 0 | T8: 0 | U8: 0
A9: =B9&"-"&C9&"-"&D9&"-"&E9&"-"&F9&"-"&G9 -> 8192-1-8192-bf8-fp32-fp32 | B9: 8192 | C9: 1 | D9: 8192 | E9: bf8 | F9: fp32 | G9: fp32
A10: =B10&"-"&C10&"-"&D10&"-"&E10&"-"&F10&"-"&G10 -> 65536-1-65536-bf16-fp32-fp32 | B10: 65536 | C10: 1 | D10: 65536 | E10: bf16 | F10: fp32 | G10: fp32 | H10: 32768 | I10: 0 | J10: 0 | K10: 0 | L10: 64 | M10: 0 | N10: 281474976710656 | O10: 562975723225088 | P10: 102239 | Q10: 2753.11 | R10: 0 | S10: 0 | T10: 0 | U10: 0
A11: =B11&"-"&C11&"-"&D11&"-"&E11&"-"&F11&"-"&G11 -> 65536-1-65536-bf16-bf16-fp32 | B11: 65536 | C11: 1 | D11: 65536 | E11: bf16 | F11: bf16 | G11: fp32 | H11: 32768 | I11: 0 | J11: 0 | K11: 0 | L11: 64 | M11: 0 | N11: 281474976710656 | O11: 562967133290496 | P11: 115802 | Q11: 2430.65 | R11: 0 | S11: 0 | T11: 0 | U11: 0
A12: =B12&"-"&C12&"-"&D12&"-"&E12&"-"&F12&"-"&G12 -> 32768-1-32768-bf16-fp32-fp32 | B12: 32768 | C12: 1 | D12: 32768 | E12: bf16 | F12: fp32 | G12: fp32 | H12: 65536 | I12: 0 | J12: 0 | K12: 0 | L12: 64 | M12: 0 | N12: 140737488355328 | O12: 281500746514432 | P12: 101616 | Q12: 1385 | R12: 0 | S12: 0 | T12: 0 | U12: 0
A13: =B13&"-"&C13&"-"&D13&"-"&E13&"-"&F13&"-"&G13 -> 16384-1-16384-fp32-fp32-fp32 | B13: 16384 | C13: 1 | D13: 16384 | E13: fp32 | F13: fp32 | G13: fp32 | H13: 131072 | I13: 0 | J13: 0 | K13: 0 | L13: 64 | M13: 0 | N13: 70368744177664 | O13: 281509336449024 | P13: 207638 | Q13: 338.9 | R13: 0 | S13: 0 | T13: 0 | U13: 0
A14: =B14&"-"&C14&"-"&D14&"-"&E14&"-"&F14&"-"&G14 -> 8192-1-8192-fp8-fp32-fp32 | B14: 8192 | C14: 1 | D14: 8192 | E14: fp8 | F14: fp32 | G14: fp32
A15: =B15&"-"&C15&"-"&D15&"-"&E15&"-"&F15&"-"&G15 -> 32768-1-32768-tf32-fp32-fp32 | B15: 32768 | C15: 1 | D15: 32768 | E15: tf32 | F15: fp32 | G15: fp32 | H15: 65536 | I15: 0 | J15: 0 | K15: 0 | L15: 64 | M15: 0 | N15: 140737488355328 | O15: 562984313159680 | P15: 207633 | Q15: 677.819 | R15: 0 | S15: 0 | T15: 0 | U15: 0
A16: =B16&"-"&C16&"-"&D16&"-"&E16&"-"&F16&"-"&G16 -> 65536-1-65536-fp8-fp32-fp32 | B16: 65536 | C16: 1 | D16: 65536 | E16: fp8 | F16: fp32 | G16: fp32
A17: =B17&"-"&C17&"-"&D17&"-"&E17&"-"&F17&"-"&G17 -> 16384-1-16384-fp16-fp32-fp32 | B17: 16384 | C17: 1 | D17: 16384 | E17: fp16 | F17: fp32 | G17: fp32 | H17: 131072 | I17: 0 | J17: 0 | K17: 0 | L17: 64 | M17: 0 | N17: 70368744177664 | O17: 140763258159104 | P17: 102983 | Q17: 683.306 | R17: 0 | S17: 0 | T17: 0 | U17: 0
A18: =B18&"-"&C18&"-"&D18&"-"&E18&"-"&F18&"-"&G18 -> 98304-1-98304-fp32-fp32-fp32 | B18: 98304 | C18: 1 | D18: 98304 | E18: fp32 | F18: fp32 | G18: fp32 | H18: 32768 | I18: 0 | J18: 0 | K18: 0 | L18: 64 | M18: 0 | N18: 633318697598976 | O18: 2.5333263e+15 | P18: 921801 | Q18: 687.045 | R18: 0 | S18: 0 | T18: 0 | U18: 0
A19: =B19&"-"&C19&"-"&D19&"-"&E19&"-"&F19&"-"&G19 -> 32768-1-32768-bf16-bf16-fp32 | B19: 32768 | C19: 1 | D19: 32768 | E19: bf16 | F19: bf16 | G19: fp32 | H19: 65536 | I19: 0 | J19: 0 | K19: 0 | L19: 64 | M19: 0 | N19: 140737488355328 | O19: 281492156579840 | P19: 112897 | Q19: 1246.6 | R19: 0 | S19: 0 | T19: 0 | U19: 0
A20: =B20&"-"&C20&"-"&D20&"-"&E20&"-"&F20&"-"&G20 -> 8192-1-8192-fp32-fp32-fp32 | B20: 8192 | C20: 1 | D20: 8192 | E20: fp32 | F20: fp32 | G20: fp32 | H20: 524288 | I20: 0 | J20: 0 | K20: 0 | L20: 64 | M20: 0 | N20: 70368744177664 | O20: 281543696187392 | P20: 419260 | Q20: 167.84 | R20: 0 | S20: 0 | T20: 0 | U20: 0
A21: =B21&"-"&C21&"-"&D21&"-"&E21&"-"&F21&"-"&G21 -> 4096-1-4096-fp64-fp64-fp64 | B21: 4096 | C21: 1 | D21: 4096 | E21: fp64 | F21: fp64 | G21: fp64 | H21: 524288 | I21: 0 | J21: 0 | K21: 0 | L21: 64 | M21: 0 | N21: 17592186044416 | O21: 140806207832064 | P21: 30302.3 | Q21: 580.557 | R21: 0 | S21: 0 | T21: 0 | U21: 0
A22: =B22&"-"&C22&"-"&D22&"-"&E22&"-"&F22&"-"&G22 -> 16384-1-16384-fp16-fp16-fp32 | B22: 16384 | C22: 1 | D22: 16384 | E22: fp16 | F22: fp16 | G22: fp32 | H22: 131072 | I22: 0 | J22: 0 | K22: 0 | L22: 64 | M22: 0 | N22: 70368744177664 | O22: 140754668224512 | P22: 111876 | Q22: 628.989 | R22: 0 | S22: 0 | T22: 0 | U22: 0
A23: =B23&"-"&C23&"-"&D23&"-"&E23&"-"&F23&"-"&G23 -> 16384-1-16384-bf16-fp32-fp32 | B23: 16384 | C23: 1 | D23: 16384 | E23: bf16 | F23: fp32 | G23: fp32 | H23: 131072 | I23: 0 | J23: 0 | K23: 0 | L23: 64 | M23: 0 | N23: 70368744177664 | O23: 140763258159104 | P23: 102308 | Q23: 687.811 | R23: 0 | S23: 0 | T23: 0 | U23: 0
A24: =B24&"-"&C24&"-"&D24&"-"&E24&"-"&F24&"-"&G24 -> 4096-1-4096-fp16-fp16-fp32 | B24: 4096 | C24: 1 | D24: 4096 | E24: fp16 | F24: fp16 | G24: fp32 | H24: 524288 | I24: 0 | J24: 0 | K24: 0 | L24: 64 | M24: 0 | N24: 17592186044416 | O24: 35201551958016 | P24: 32612.6 | Q24: 539.429 | R24: 0 | S24: 0 | T24: 0 | U24: 0
A25: =B25&"-"&C25&"-"&D25&"-"&E25&"-"&F25&"-"&G25 -> 98304-1-98304-fp64-fp64-fp64 | B25: 98304 | C25: 1 | D25: 98304 | E25: fp64 | F25: fp64 | G25: fp64 | H25: 32768 | I25: 0 | J25: 0 | K25: 0 | L25: 64 | M25: 0 | N25: 633318697598976 | O25: 5.0666527e+15 | P25: 502339 | Q25: 1260.74 | R25: 0 | S25: 0 | T25: 0 | U25: 0
A26: =B26&"-"&C26&"-"&D26&"-"&E26&"-"&F26&"-"&G26 -> 16384-1-16384-fp16-fp16-fp16 | B26: 16384 | C26: 1 | D26: 16384 | E26: fp16 | F26: fp16 | G26: fp16 | H26: 131072 | I26: 0 | J26: 0 | K26: 0 | L26: 64 | M26: 0 | N26: 70368744177664 | O26: 140754668224512 | P26: 81026.6 | Q26: 868.465 | R26: 0 | S26: 0 | T26: 0 | U26: 0
A27: =B27&"-"&C27&"-"&D27&"-"&E27&"-"&F27&"-"&G27 -> 98304-1-98304-int8-int32-int32 | B27: 98304 | C27: 1 | D27: 98304 | E27: int8 | F27: int32 | G27: int32 | H27: 32768 | I27: 0 | J27: 0 | K27: 0 | L27: 64 | M27: 0 | N27: 633318697598976 | O27: 633350909853696 | P27: 233392 | Q27: 2713.54 | R27: 0 | S27: 0 | T27: 0 | U27: 0
A28: =B28&"-"&C28&"-"&D28&"-"&E28&"-"&F28&"-"&G28 -> 32768-1-32768-fp64-fp64-fp64 | B28: 32768 | C28: 1 | D28: 32768 | E28: fp64 | F28: fp64 | G28: fp64 | H28: 65536 | I28: 0 | J28: 0 | K28: 0 | L28: 64 | M28: 0 | N28: 140737488355328 | O28: 1.1259686e+15 | P28: 118068 | Q28: 1192 | R28: 0 | S28: 0 | T28: 0 | U28: 0
A29: =B29&"-"&C29&"-"&D29&"-"&E29&"-"&F29&"-"&G29 -> 4096-1-4096-fp16-fp16-fp16 | B29: 4096 | C29: 1 | D29: 4096 | E29: fp16 | F29: fp16 | G29: fp16 | H29: 524288 | I29: 0 | J29: 0 | K29: 0 | L29: 64 | M29: 0 | N29: 17592186044416 | O29: 35201551958016 | P29: 90305.6 | Q29: 194.807 | R29: 0 | S29: 0 | T29: 0 | U29: 0
A30: =B30&"-"&C30&"-"&D30&"-"&E30&"-"&F30&"-"&G30 -> 16384-1-16384-bf8-fp32-fp32 | B30: 16384 | C30: 1 | D30: 16384 | E30: bf8 | F30: fp32 | G30: fp32
A31: =B31&"-"&C31&"-"&D31&"-"&E31&"-"&F31&"-"&G31 -> 65536-1-65536-bf8-fp32-fp32 | B31: 65536 | C31: 1 | D31: 65536 | E31: bf8 | F31: fp32 | G31: fp32
A32: =B32&"-"&C32&"-"&D32&"-"&E32&"-"&F32&"-"&G32 -> 65536-1-65536-fp32-fp32-fp32 | B32: 65536 | C32: 1 | D32: 65536 | E32: fp32 | F32: fp32 | G32: fp32 | H32: 32768 | I32: 0 | J32: 0 | K32: 0 | L32: 64 | M32: 0 | N32: 281474976710656 | O32: 1.1259343e+15 | P32: 409467 | Q32: 687.418 | R32: 0 | S32: 0 | T32: 0 | U32: 0
A33: =B33&"-"&C33&"-"&D33&"-"&E33&"-"&F33&"-"&G33 -> 32768-1-32768-fp16-fp16-fp16 | B33: 32768 | C33: 1 | D33: 32768 | E33: fp16 | F33: fp16 | G33: fp16 | H33: 65536 | I33: 0 | J33: 0 | K33: 0 | L33: 64 | M33: 0 | N33: 140737488355328 | O33: 281492156579840 | P33: 144088 | Q33: 976.749 | R33: 0 | S33: 0 | T33: 0 | U33: 0
A34: =B34&"-"&C34&"-"&D34&"-"&E34&"-"&F34&"-"&G34 -> 4096-1-4096-bf16-bf16-fp32 | B34: 4096 | C34: 1 | D34: 4096 | E34: bf16 | F34: bf16 | G34: fp32 | H34: 524288 | I34: 0 | J34: 0 | K34: 0 | L34: 64 | M34: 0 | N34: 17592186044416 | O34: 35201551958016 | P34: 32706.7 | Q34: 537.877 | R34: 0 | S34: 0 | T34: 0 | U34: 0
A35: =B35&"-"&C35&"-"&D35&"-"&E35&"-"&F35&"-"&G35 -> 98304-1-98304-bf16-fp32-fp32 | B35: 98304 | C35: 1 | D35: 98304 | E35: bf16 | F35: fp32 | G35: fp32 | H35: 32768 | I35: 0 | J35: 0 | K35: 0 | L35: 64 | M35: 0 | N35: 633318697598976 | O35: 1.266676e+15 | P35: 183512 | Q35: 3451.09 | R35: 0 | S35: 0 | T35: 0 | U35: 0
A36: =B36&"-"&C36&"-"&D36&"-"&E36&"-"&F36&"-"&G36 -> 32768-1-32768-fp8-fp32-fp32 | B36: 32768 | C36: 1 | D36: 32768 | E36: fp8 | F36: fp32 | G36: fp32
A37: =B37&"-"&C37&"-"&D37&"-"&E37&"-"&F37&"-"&G37 -> 65536-1-65536-int8-int32-int32 | B37: 65536 | C37: 1 | D37: 65536 | E37: int8 | F37: int32 | G37: int32 | H37: 32768 | I37: 0 | J37: 0 | K37: 0 | L37: 64 | M37: 0 | N37: 281474976710656 | O37: 281496451547136 | P37: 80426.8 | Q37: 3499.76 | R37: 0 | S37: 0 | T37: 0 | U37: 0
A38: =B38&"-"&C38&"-"&D38&"-"&E38&"-"&F38&"-"&G38 -> 8192-1-8192-fp16-fp32-fp32 | B38: 8192 | C38: 1 | D38: 8192 | E38: fp16 | F38: fp32 | G38: fp32 | H38: 524288 | I38: 0 | J38: 0 | K38: 0 | L38: 64 | M38: 0 | N38: 70368744177664 | O38: 140789027962880 | P38: 241743 | Q38: 291.089 | R38: 0 | S38: 0 | T38: 0 | U38: 0
A39: =B39&"-"&C39&"-"&D39&"-"&E39&"-"&F39&"-"&G39 -> 32768-1-32768-fp16-fp16-fp32 | B39: 32768 | C39: 1 | D39: 32768 | E39: fp16 | F39: fp16 | G39: fp32 | H39: 65536 | I39: 0 | J39: 0 | K39: 0 | L39: 64 | M39: 0 | N39: 140737488355328 | O39: 281492156579840 | P39: 112814 | Q39: 1247.52 | R39: 0 | S39: 0 | T39: 0 | U39: 0
A40: =B40&"-"&C40&"-"&D40&"-"&E40&"-"&F40&"-"&G40 -> 98304-1-98304-bf8-fp32-fp32 | B40: 98304 | C40: 1 | D40: 98304 | E40: bf8 | F40: fp32 | G40: fp32
A41: =B41&"-"&C41&"-"&D41&"-"&E41&"-"&F41&"-"&G41 -> 16384-1-16384-tf32-fp32-fp32 | B41: 16384 | C41: 1 | D41: 16384 | E41: tf32 | F41: fp32 | G41: fp32 | H41: 131072 | I41: 0 | J41: 0 | K41: 0 | L41: 64 | M41: 0 | N41: 70368744177664 | O41: 281509336449024 | P41: 207402 | Q41: 339.287 | R41: 0 | S41: 0 | T41: 0 | U41: 0
A42: =B42&"-"&C42&"-"&D42&"-"&E42&"-"&F42&"-"&G42 -> 8192-1-8192-fp16-fp16-fp16 | B42: 8192 | C42: 1 | D42: 8192 | E42: fp16 | F42: fp16 | G42: fp16 | H42: 524288 | I42: 0 | J42: 0 | K42: 0 | L42: 64 | M42: 0 | N42: 70368744177664 | O42: 140771848093696 | P42: 292559 | Q42: 240.528 | R42: 0 | S42: 0 | T42: 0 | U42: 0
A43: =B43&"-"&C43&"-"&D43&"-"&E43&"-"&F43&"-"&G43 -> 8192-1-8192-fp64-fp64-fp64 | B43: 8192 | C43: 1 | D43: 8192 | E43: fp64 | F43: fp64 | G43: fp64 | H43: 524288 | I43: 0 | J43: 0 | K43: 0 | L43: 64 | M43: 0 | N43: 70368744177664 | O43: 563087392374784 | P43: 107370 | Q43: 655.385 | R43: 0 | S43: 0 | T43: 0 | U43: 0
A44: =B44&"-"&C44&"-"&D44&"-"&E44&"-"&F44&"-"&G44 -> 16384-1-16384-int8-int32-int32 | B44: 16384 | C44: 1 | D44: 16384 | E44: int8 | F44: int32 | G44: int32 | H44: 131072 | I44: 0 | J44: 0 | K44: 0 | L44: 64 | M44: 0 | N44: 70368744177664 | O44: 70390219014144 | P44: 76199.2 | Q44: 923.484 | R44: 0 | S44: 0 | T44: 0 | U44: 0
A45: =B45&"-"&C45&"-"&D45&"-"&E45&"-"&F45&"-"&G45 -> 4096-1-4096-fp32-fp32-fp32 | B45: 4096 | C45: 1 | D45: 4096 | E45: fp32 | F45: fp32 | G45: fp32 | H45: 524288 | I45: 0 | J45: 0 | K45: 0 | L45: 64 | M45: 0 | N45: 17592186044416 | O45: 70403103916032 | P45: 219245 | Q45: 80.2399 | R45: 0 | S45: 0 | T45: 0 | U45: 0
A46: =B46&"-"&C46&"-"&D46&"-"&E46&"-"&F46&"-"&G46 -> 98304-1-98304-fp8-fp32-fp32 | B46: 98304 | C46: 1 | D46: 98304 | E46: fp8 | F46: fp32 | G46: fp32
A47: =B47&"-"&C47&"-"&D47&"-"&E47&"-"&F47&"-"&G47 -> 4096-1-4096-fp8-fp32-fp32 | B47: 4096 | C47: 1 | D47: 4096 | E47: fp8 | F47: fp32 | G47: fp32
A48: =B48&"-"&C48&"-"&D48&"-"&E48&"-"&F48&"-"&G48 -> 16384-1-16384-fp8-fp32-fp32 | B48: 16384 | C48: 1 | D48: 16384 | E48: fp8 | F48: fp32 | G48: fp32
A49: =B49&"-"&C49&"-"&D49&"-"&E49&"-"&F49&"-"&G49 -> 65536-1-65536-fp16-fp16-fp32 | B49: 65536 | C49: 1 | D49: 65536 | E49: fp16 | F49: fp16 | G49: fp32 | H49: 32768 | I49: 0 | J49: 0 | K49: 0 | L49: 64 | M49: 0 | N49: 281474976710656 | O49: 562967133290496 | P49: 115799 | Q49: 2430.72 | R49: 0 | S49: 0 | T49: 0 | U49: 0
A50: =B50&"-"&C50&"-"&D50&"-"&E50&"-"&F50&"-"&G50 -> 4096-1-4096-int8-int32-int32 | B50: 4096 | C50: 1 | D50: 4096 | E50: int8 | F50: int32 | G50: int32 | H50: 524288 | I50: 0 | J50: 0 | K50: 0 | L50: 64 | M50: 0 | N50: 17592186044416 | O50: 17613660880896 | P50: 91465.6 | Q50: 192.337 | R50: 0 | S50: 0 | T50: 0 | U50: 0
A51: =B51&"-"&C51&"-"&D51&"-"&E51&"-"&F51&"-"&G51 -> 8192-1-8192-tf32-fp32-fp32 | B51: 8192 | C51: 1 | D51: 8192 | E51: tf32 | F51: fp32 | G51: fp32 | H51: 524288 | I51: 0 | J51: 0 | K51: 0 | L51: 64 | M51: 0 | N51: 70368744177664 | O51: 281543696187392 | P51: 420258 | Q51: 167.442 | R51: 0 | S51: 0 | T51: 0 | U51: 0
A52: =B52&"-"&C52&"-"&D52&"-"&E52&"-"&F52&"-"&G52 -> 4096-1-4096-tf32-fp32-fp32 | B52: 4096 | C52: 1 | D52: 4096 | E52: tf32 | F52: fp32 | G52: fp32 | H52: 524288 | I52: 0 | J52: 0 | K52: 0 | L52: 64 | M52: 0 | N52: 17592186044416 | O52: 70403103916032 | P52: 219178 | Q52: 80.2645 | R52: 0 | S52: 0 | T52: 0 | U52: 0
A53: =B53&"-"&C53&"-"&D53&"-"&E53&"-"&F53&"-"&G53 -> 65536-1-65536-fp64-fp64-fp64 | B53: 65536 | C53: 1 | D53: 65536 | E53: fp64 | F53: fp64 | G53: fp64 | H53: 32768 | I53: 0 | J53: 0 | K53: 0 | L53: 64 | M53: 0 | N53: 281474976710656 | O53: 2.2518685e+15 | P53: 218076 | Q53: 1290.72 | R53: 0 | S53: 0 | T53: 0 | U53: 0
A54: =B54&"-"&C54&"-"&D54&"-"&E54&"-"&F54&"-"&G54 -> 8192-1-8192-bf16-fp32-fp32 | B54: 8192 | C54: 1 | D54: 8192 | E54: bf16 | F54: fp32 | G54: fp32 | H54: 524288 | I54: 0 | J54: 0 | K54: 0 | L54: 64 | M54: 0 | N54: 70368744177664 | O54: 140789027962880 | P54: 241772 | Q54: 291.054 | R54: 0 | S54: 0 | T54: 0 | U54: 0
A55: =B55&"-"&C55&"-"&D55&"-"&E55&"-"&F55&"-"&G55 -> 4096-1-4096-bf8-fp32-fp32 | B55: 4096 | C55: 1 | D55: 4096 | E55: bf8 | F55: fp32 | G55: fp32
A56: =B56&"-"&C56&"-"&D56&"-"&E56&"-"&F56&"-"&G56 -> 65536-1-65536-tf32-fp32-fp32 | B56: 65536 | C56: 1 | D56: 65536 | E56: tf32 | F56: fp32 | G56: fp32 | H56: 32768 | I56: 0 | J56: 0 | K56: 0 | L56: 64 | M56: 0 | N56: 281474976710656 | O56: 1.1259343e+15 | P56: 409362 | Q56: 687.595 | R56: 0 | S56: 0 | T56: 0 | U56: 0
A57: =B57&"-"&C57&"-"&D57&"-"&E57&"-"&F57&"-"&G57 -> 32768-1-32768-fp16-fp32-fp32 | B57: 32768 | C57: 1 | D57: 32768 | E57: fp16 | F57: fp32 | G57: fp32 | H57: 65536 | I57: 0 | J57: 0 | K57: 0 | L57: 64 | M57: 0 | N57: 140737488355328 | O57: 281500746514432 | P57: 101795 | Q57: 1382.55 | R57: 0 | S57: 0 | T57: 0 | U57: 0
A58: =B58&"-"&C58&"-"&D58&"-"&E58&"-"&F58&"-"&G58 -> 8192-1-8192-bf16-bf16-fp32 | B58: 8192 | C58: 1 | D58: 8192 | E58: bf16 | F58: bf16 | G58: fp32 | H58: 524288 | I58: 0 | J58: 0 | K58: 0 | L58: 64 | M58: 0 | N58: 70368744177664 | O58: 140771848093696 | P58: 207209 | Q58: 339.602 | R58: 0 | S58: 0 | T58: 0 | U58: 0
A59: =B59&"-"&C59&"-"&D59&"-"&E59&"-"&F59&"-"&G59 -> 98304-1-98304-fp16-fp16-fp16 | B59: 98304 | C59: 1 | D59: 98304 | E59: fp16 | F59: fp16 | G59: fp16 | H59: 32768 | I59: 0 | J59: 0 | K59: 0 | L59: 64 | M59: 0 | N59: 633318697598976 | O59: 1.2666632e+15 | P59: 497243 | Q59: 1273.66 | R59: 0 | S59: 0 | T59: 0 | U59: 0
A60: =B60&"-"&C60&"-"&D60&"-"&E60&"-"&F60&"-"&G60 -> 16384-1-16384-fp64-fp64-fp64 | B60: 16384 | C60: 1 | D60: 16384 | E60: fp64 | F60: fp64 | G60: fp64 | H60: 131072 | I60: 0 | J60: 0 | K60: 0 | L60: 64 | M60: 0 | N60: 70368744177664 | O60: 563018672898048 | P60: 56039.1 | Q60: 1255.71 | R60: 0 | S60: 0 | T60: 0 | U60: 0
A61: =B61&"-"&C61&"-"&D61&"-"&E61&"-"&F61&"-"&G61 -> 4096-1-4096-bf16-fp32-fp32 | B61: 4096 | C61: 1 | D61: 4096 | E61: bf16 | F61: fp32 | G61: fp32 | H61: 524288 | I61: 0 | J61: 0 | K61: 0 | L61: 64 | M61: 0 | N61: 17592186044416 | O61: 35210141892608 | P61: 135843 | Q61: 129.504 | R61: 0 | S61: 0 | T61: 0 | U61: 0
A62: =B62&"-"&C62&"-"&D62&"-"&E62&"-"&F62&"-"&G62 -> 16384-1-16384-bf16-bf16-fp32 | B62: 16384 | C62: 1 | D62: 16384 | E62: bf16 | F62: bf16 | G62: fp32 | H62: 131072 | I62: 0 | J62: 0 | K62: 0 | L62: 64 | M62: 0 | N62: 70368744177664 | O62: 140754668224512 | P62: 111894 | Q62: 628.889 | R62: 0 | S62: 0 | T62: 0 | U62: 0
A63: =B63&"-"&C63&"-"&D63&"-"&E63&"-"&F63&"-"&G63 -> 4096-1-4096-fp16-fp32-fp32 | B63: 4096 | C63: 1 | D63: 4096 | E63: fp16 | F63: fp32 | G63: fp32 | H63: 524288 | I63: 0 | J63: 0 | K63: 0 | L63: 64 | M63: 0 | N63: 17592186044416 | O63: 35210141892608 | P63: 135758 | Q63: 129.584 | R63: 0 | S63: 0 | T63: 0 | U63: 0
A64: =B64&"-"&C64&"-"&D64&"-"&E64&"-"&F64&"-"&G64 -> 65536-1-65536-fp16-fp16-fp16 | B64: 65536 | C64: 1 | D64: 65536 | E64: fp16 | F64: fp16 | G64: fp16 | H64: 32768 | I64: 0 | J64: 0 | K64: 0 | L64: 64 | M64: 0 | N64: 281474976710656 | O64: 562967133290496 | P64: 254274 | Q64: 1106.98 | R64: 0 | S64: 0 | T64: 0 | U64: 0
A65: =B65&"-"&C65&"-"&D65&"-"&E65&"-"&F65&"-"&G65 -> 98304-1-98304-bf16-bf16-fp32 | B65: 98304 | C65: 1 | D65: 98304 | E65: bf16 | F65: bf16 | G65: fp32 | H65: 32768 | I65: 0 | J65: 0 | K65: 0 | L65: 64 | M65: 0 | N65: 633318697598976 | O65: 1.2666632e+15 | P65: 320856 | Q65: 1973.84 | R65: 0 | S65: 0 | T65: 0 | U65: 0
A66: =B66&"-"&C66&"-"&D66&"-"&E66&"-"&F66&"-"&G66 -> 98304-1-98304-fp16-fp16-fp32 | B66: 98304 | C66: 1 | D66: 98304 | E66: fp16 | F66: fp16 | G66: fp32 | H66: 32768 | I66: 0 | J66: 0 | K66: 0 | L66: 64 | M66: 0 | N66: 633318697598976 | O66: 1.2666632e+15 | P66: 320830 | Q66: 1974 | R66: 0 | S66: 0 | T66: 0 | U66: 0
A67: =B67&"-"&C67&"-"&D67&"-"&E67&"-"&F67&"-"&G67 -> 32768-1-32768-fp32-fp32-fp32 | B67: 32768 | C67: 1 | D67: 32768 | E67: fp32 | F67: fp32 | G67: fp32 | H67: 65536 | I67: 0 | J67: 0 | K67: 0 | L67: 64 | M67: 0 | N67: 140737488355328 | O67: 562984313159680 | P67: 207287 | Q67: 678.949 | R67: 0 | S67: 0 | T67: 0 | U67: 0

Sheet rocblas_mi325x_1000W_GF
B1: M | C1: N | D1: K | E1: mul | F1: acc | G1: scale | H1: n_iter | I1: n_thread | J1: n_wg | K1: n_wf | L1: wf_size | M1: wg_size | N1: n_flops | O1: n_bytes | P1: time_ms | Q1: gflop/s | R1: avg_clock | S1: max_clock | T1: min_clock | U1: stdev_clock
A2: =B2&"-"&C2&"-"&D2&"-"&E2&"-"&F2&"-"&G2 -> 8192-1-8192-int8-int32-int32 | B2: 8192 | C2: 1 | D2: 8192 | E2: int8 | F2: int32 | G2: int32 | H2: 524288 | I2: 0 | J2: 0 | K2: 0 | L2: 64 | M2: 0 | N2: 70368744177664 | O2: 70411693850624 | P2: 110996 | Q2: 633.975 | R2: 0 | S2: 0 | T2: 0 | U2: 0
A3: =B3&"-"&C3&"-"&D3&"-"&E3&"-"&F3&"-"&G3 -> 98304-1-98304-fp16-fp32-fp32 | B3: 98304 | C3: 1 | D3: 98304 | E3: fp16 | F3: fp32 | G3: fp32 | H3: 32768 | I3: 0 | J3: 0 | K3: 0 | L3: 64 | M3: 0 | N3: 633318697598976 | O3: 1.266676e+15 | P3: 158586 | Q3: 3993.53 | R3: 0 | S3: 0 | T3: 0 | U3: 0
A4: =B4&"-"&C4&"-"&D4&"-"&E4&"-"&F4&"-"&G4 -> 98304-1-98304-tf32-fp32-fp32 | B4: 98304 | C4: 1 | D4: 98304 | E4: tf32 | F4: fp32 | G4: fp32 | H4: 32768 | I4: 0 | J4: 0 | K4: 0 | L4: 64 | M4: 0 | N4: 633318697598976 | O4: 2.5333263e+15 | P4: 631355 | Q4: 1003.11 | R4: 0 | S4: 0 | T4: 0 | U4: 0
A5: =B5&"-"&C5&"-"&D5&"-"&E5&"-"&F5&"-"&G5 -> 8192-1-8192-fp16-fp16-fp32 | B5: 8192 | C5: 1 | D5: 8192 | E5: fp16 | F5: fp16 | G5: fp32 | H5: 524288 | I5: 0 | J5: 0 | K5: 0 | L5: 64 | M5: 0 | N5: 70368744177664 | O5: 140771848093696 | P5: 142817 | Q5: 492.72 | R5: 0 | S5: 0 | T5: 0 | U5: 0
A6: =B6&"-"&C6&"-"&D6&"-"&E6&"-"&F6&"-"&G6 -> 32768-1-32768-int8-int32-int32 | B6: 32768 | C6: 1 | D6: 32768 | E6: int8 | F6: int32 | G6: int32 | H6: 65536 | I6: 0 | J6: 0 | K6: 0 | L6: 64 | M6: 0 | N6: 140737488355328 | O6: 140758963191808 | P6: 55930.5 | Q6: 2516.29 | R6: 0 | S6: 0 | T6: 0 | U6: 0
A7: =B7&"-"&C7&"-"&D7&"-"&E7&"-"&F7&"-"&G7 -> 32768-1-32768-bf8-fp32-fp32 | B7: 32768 | C7: 1 | D7: 32768 | E7: bf8 | F7: fp32 | G7: fp32
A8: =B8&"-"&C8&"-"&D8&"-"&E8&"-"&F8&"-"&G8 -> 65536-1-65536-fp16-fp32-fp32 | B8: 65536 | C8: 1 | D8: 65536 | E8: fp16 | F8: fp32 | G8: fp32 | H8: 32768 | I8: 0 | J8: 0 | K8: 0 | L8: 64 | M8: 0 | N8: 281474976710656 | O8: 562975723225088 | P8: 78083 | Q8: 3604.82 | R8: 0 | S8: 0 | T8: 0 | U8: 0
A9: =B9&"-"&C9&"-"&D9&"-"&E9&"-"&F9&"-"&G9 -> 8192-1-8192-bf8-fp32-fp32 | B9: 8192 | C9: 1 | D9: 8192 | E9: bf8 | F9: fp32 | G9: fp32
A10: =B10&"-"&C10&"-"&D10&"-"&E10&"-"&F10&"-"&G10 -> 65536-1-65536-bf16-fp32-fp32 | B10: 65536 | C10: 1 | D10: 65536 | E10: bf16 | F10: fp32 | G10: fp32 | H10: 32768 | I10: 0 | J10: 0 | K10: 0 | L10: 64 | M10: 0 | N10: 281474976710656 | O10: 562975723225088 | P10: 77939.4 | Q10: 3611.46 | R10: 0 | S10: 0 | T10: 0 | U10: 0
A11: =B11&"-"&C11&"-"&D11&"-"&E11&"-"&F11&"-"&G11 -> 65536-1-65536-bf16-bf16-fp32 | B11: 65536 | C11: 1 | D11: 65536 | E11: bf16 | F11: bf16 | G11: fp32 | H11: 32768 | I11: 0 | J11: 0 | K11: 0 | L11: 64 | M11: 0 | N11: 281474976710656 | O11: 562967133290496 | P11: 86619.5 | Q11: 3249.56 | R11: 0 | S11: 0 | T11: 0 | U11: 0
A12: =B12&"-"&C12&"-"&D12&"-"&E12&"-"&F12&"-"&G12 -> 32768-1-32768-bf16-fp32-fp32 | B12: 32768 | C12: 1 | D12: 32768 | E12: bf16 | F12: fp32 | G12: fp32 | H12: 65536 | I12: 0 | J12: 0 | K12: 0 | L12: 64 | M12: 0 | N12: 140737488355328 | O12: 281500746514432 | P12: 73262.8 | Q12: 1921 | R12: 0 | S12: 0 | T12: 0 | U12: 0
A13: =B13&"-"&C13&"-"&D13&"-"&E13&"-"&F13&"-"&G13 -> 16384-1-16384-fp32-fp32-fp32 | B13: 16384 | C13: 1 | D13: 16384 | E13: fp32 | F13: fp32 | G13: fp32 | H13: 131072 | I13: 0 | J13: 0 | K13: 0 | L13: 64 | M13: 0 | N13: 70368744177664 | O13: 281509336449024 | P13: 139443 | Q13: 504.642 | R13: 0 | S13: 0 | T13: 0 | U13: 0
A14: =B14&"-"&C14&"-"&D14&"-"&E14&"-"&F14&"-"&G14 -> 8192-1-8192-fp8-fp32-fp32 | B14: 8192 | C14: 1 | D14: 8192 | E14: fp8 | F14: fp32 | G14: fp32
A15: =B15&"-"&C15&"-"&D15&"-"&E15&"-"&F15&"-"&G15 -> 32768-1-32768-tf32-fp32-fp32 | B15: 32768 | C15: 1 | D15: 32768 | E15: tf32 | F15: fp32 | G15: fp32 | H15: 65536 | I15: 0 | J15: 0 | K15: 0 | L15: 64 | M15: 0 | N15: 140737488355328 | O15: 562984313159680 | P15: 138376 | Q15: 1017.07 | R15: 0 | S15: 0 | T15: 0 | U15: 0
A16: =B16&"-"&C16&"-"&D16&"-"&E16&"-"&F16&"-"&G16 -> 65536-1-65536-fp8-fp32-fp32 | B16: 65536 | C16: 1 | D16: 65536 | E16: fp8 | F16: fp32 | G16: fp32
A17: =B17&"-"&C17&"-"&D17&"-"&E17&"-"&F17&"-"&G17 -> 16384-1-16384-fp16-fp32-fp32 | B17: 16384 | C17: 1 | D17: 16384 | E17: fp16 | F17: fp32 | G17: fp32 | H17: 131072 | I17: 0 | J17: 0 | K17: 0 | L17: 64 | M17: 0 | N17: 70368744177664 | O17: 140763258159104 | P17: 72763.7 | Q17: 967.086 | R17: 0 | S17: 0 | T17: 0 | U17: 0
A18: =B18&"-"&C18&"-"&D18&"-"&E18&"-"&F18&"-"&G18 -> 98304-1-98304-fp32-fp32-fp32 | B18: 98304 | C18: 1 | D18: 98304 | E18: fp32 | F18: fp32 | G18: fp32 | H18: 32768 | I18: 0 | J18: 0 | K18: 0 | L18: 64 | M18: 0 | N18: 633318697598976 | O18: 2.5333263e+15 | P18: 631086 | Q18: 1003.54 | R18: 0 | S18: 0 | T18: 0 | U18: 0
A19: =B19&"-"&C19&"-"&D19&"-"&E19&"-"&F19&"-"&G19 -> 32768-1-32768-bf16-bf16-fp32 | B19: 32768 | C19: 1 | D19: 32768 | E19: bf16 | F19: bf16 | G19: fp32 | H19: 65536 | I19: 0 | J19: 0 | K19: 0 | L19: 64 | M19: 0 | N19: 140737488355328 | O19: 281492156579840 | P19: 76039.5 | Q19: 1850.85 | R19: 0 | S19: 0 | T19: 0 | U19: 0
A20: =B20&"-"&C20&"-"&D20&"-"&E20&"-"&F20&"-"&G20 -> 8192-1-8192-fp32-fp32-fp32 | B20: 8192 | C20: 1 | D20: 8192 | E20: fp32 | F20: fp32 | G20: fp32 | H20: 524288 | I20: 0 | J20: 0 | K20: 0 | L20: 64 | M20: 0 | N20: 70368744177664 | O20: 281543696187392 | P20: 284807 | Q20: 247.075 | R20: 0 | S20: 0 | T20: 0 | U20: 0
A21: =B21&"-"&C21&"-"&D21&"-"&E21&"-"&F21&"-"&G21 -> 4096-1-4096-fp64-fp64-fp64 | B21: 4096 | C21: 1 | D21: 4096 | E21: fp64 | F21: fp64 | G21: fp64 | H21: 524288 | I21: 0 | J21: 0 | K21: 0 | L21: 64 | M21: 0 | N21: 17592186044416 | O21: 140806207832064 | P21: 26464.5 | Q21: 664.746 | R21: 0 | S21: 0 | T21: 0 | U21: 0
A22: =B22&"-"&C22&"-"&D22&"-"&E22&"-"&F22&"-"&G22 -> 16384-1-16384-fp16-fp16-fp32 | B22: 16384 | C22: 1 | D22: 16384 | E22: fp16 | F22: fp16 | G22: fp32 | H22: 131072 | I22: 0 | J22: 0 | K22: 0 | L22: 64 | M22: 0 | N22: 70368744177664 | O22: 140754668224512 | P22: 76194.2 | Q22: 923.545 | R22: 0 | S22: 0 | T22: 0 | U22: 0
A23: =B23&"-"&C23&"-"&D23&"-"&E23&"-"&F23&"-"&G23 -> 16384-1-16384-bf16-fp32-fp32 | B23: 16384 | C23: 1 | D23: 16384 | E23: bf16 | F23: fp32 | G23: fp32 | H23: 131072 | I23: 0 | J23: 0 | K23: 0 | L23: 64 | M23: 0 | N23: 70368744177664 | O23: 140763258159104 | P23: 72378.3 | Q23: 972.235 | R23: 0 | S23: 0 | T23: 0 | U23: 0
A24: =B24&"-"&C24&"-"&D24&"-"&E24&"-"&F24&"-"&G24 -> 4096-1-4096-fp16-fp16-fp32 | B24: 4096 | C24: 1 | D24: 4096 | E24: fp16 | F24: fp16 | G24: fp32 | H24: 524288 | I24: 0 | J24: 0 | K24: 0 | L24: 64 | M24: 0 | N24: 17592186044416 | O24: 35201551958016 | P24: 26031.8 | Q24: 675.797 | R24: 0 | S24: 0 | T24: 0 | U24: 0
A25: =B25&"-"&C25&"-"&D25&"-"&E25&"-"&F25&"-"&G25 -> 98304-1-98304-fp64-fp64-fp64 | B25: 98304 | C25: 1 | D25: 98304 | E25: fp64 | F25: fp64 | G25: fp64 | H25: 32768 | I25: 0 | J25: 0 | K25: 0 | L25: 64 | M25: 0 | N25: 633318697598976 | O25: 5.0666527e+15 | P25: 463410 | Q25: 1366.65 | R25: 0 | S25: 0 | T25: 0 | U25: 0
A26: =B26&"-"&C26&"-"&D26&"-"&E26&"-"&F26&"-"&G26 -> 16384-1-16384-fp16-fp16-fp16 | B26: 16384 | C26: 1 | D26: 16384 | E26: fp16 | F26: fp16 | G26: fp16 | H26: 131072 | I26: 0 | J26: 0 | K26: 0 | L26: 64 | M26: 0 | N26: 70368744177664 | O26: 140754668224512 | P26: 56625.2 | Q26: 1242.71 | R26: 0 | S26: 0 | T26: 0 | U26: 0
A27: =B27&"-"&C27&"-"&D27&"-"&E27&"-"&F27&"-"&G27 -> 98304-1-98304-int8-int32-int32 | B27: 98304 | C27: 1 | D27: 98304 | E27: int8 | F27: int32 | G27: int32 | H27: 32768 | I27: 0 | J27: 0 | K27: 0 | L27: 64 | M27: 0 | N27: 633318697598976 | O27: 633350909853696 | P27: 180298 | Q27: 3512.62 | R27: 0 | S27: 0 | T27: 0 | U27: 0
A28: =B28&"-"&C28&"-"&D28&"-"&E28&"-"&F28&"-"&G28 -> 32768-1-32768-fp64-fp64-fp64 | B28: 32768 | C28: 1 | D28: 32768 | E28: fp64 | F28: fp64 | G28: fp64 | H28: 65536 | I28: 0 | J28: 0 | K28: 0 | L28: 64 | M28: 0 | N28: 140737488355328 | O28: 1.1259686e+15 | P28: 109994 | Q28: 1279.5 | R28: 0 | S28: 0 | T28: 0 | U28: 0
A29: =B29&"-"&C29&"-"&D29&"-"&E29&"-"&F29&"-"&G29 -> 4096-1-4096-fp16-fp16-fp16 | B29: 4096 | C29: 1 | D29: 4096 | E29: fp16 | F29: fp16 | G29: fp16 | H29: 524288 | I29: 0 | J29: 0 | K29: 0 | L29: 64 | M29: 0 | N29: 17592186044416 | O29: 35201551958016 | P29: 63900.6 | Q29: 275.305 | R29: 0 | S29: 0 | T29: 0 | U29: 0
A30: =B30&"-"&C30&"-"&D30&"-"&E30&"-"&F30&"-"&G30 -> 16384-1-16384-bf8-fp32-fp32 | B30: 16384 | C30: 1 | D30: 16384 | E30: bf8 | F30: fp32 | G30: fp32
A31: =B31&"-"&C31&"-"&D31&"-"&E31&"-"&F31&"-"&G31 -> 65536-1-65536-bf8-fp32-fp32 | B31: 65536 | C31: 1 | D31: 65536 | E31: bf8 | F31: fp32 | G31: fp32
A32: =B32&"-"&C32&"-"&D32&"-"&E32&"-"&F32&"-"&G32 -> 65536-1-65536-fp32-fp32-fp32 | B32: 65536 | C32: 1 | D32: 65536 | E32: fp32 | F32: fp32 | G32: fp32 | H32: 32768 | I32: 0 | J32: 0 | K32: 0 | L32: 64 | M32: 0 | N32: 281474976710656 | O32: 1.1259343e+15 | P32: 277186 | Q32: 1015.47 | R32: 0 | S32: 0 | T32: 0 | U32: 0
A33: =B33&"-"&C33&"-"&D33&"-"&E33&"-"&F33&"-"&G33 -> 32768-1-32768-fp16-fp16-fp16 | B33: 32768 | C33: 1 | D33: 32768 | E33: fp16 | F33: fp16 | G33: fp16 | H33: 65536 | I33: 0 | J33: 0 | K33: 0 | L33: 64 | M33: 0 | N33: 140737488355328 | O33: 281492156579840 | P33: 98677.1 | Q33: 1426.24 | R33: 0 | S33: 0 | T33: 0 | U33: 0
A34: =B34&"-"&C34&"-"&D34&"-"&E34&"-"&F34&"-"&G34 -> 4096-1-4096-bf16-bf16-fp32 | B34: 4096 | C34: 1 | D34: 4096 | E34: bf16 | F34: bf16 | G34: fp32 | H34: 524288 | I34: 0 | J34: 0 | K34: 0 | L34: 64 | M34: 0 | N34: 17592186044416 | O34: 35201551958016 | P34: 26146 | Q34: 672.845 | R34: 0 | S34: 0 | T34: 0 | U34: 0
A35: =B35&"-"&C35&"-"&D35&"-"&E35&"-"&F35&"-"&G35 -> 98304-1-98304-bf16-fp32-fp32 | B35: 98304 | C35: 1 | D35: 98304 | E35: bf16 | F35: fp32 | G35: fp32 | H35: 32768 | I35: 0 | J35: 0 | K35: 0 | L35: 64 | M35: 0 | N35: 633318697598976 | O35: 1.266676e+15 | P35: 158233 | Q35: 4002.45 | R35: 0 | S35: 0 | T35: 0 | U35: 0
A36: =B36&"-"&C36&"-"&D36&"-"&E36&"-"&F36&"-"&G36 -> 32768-1-32768-fp8-fp32-fp32 | B36: 32768 | C36: 1 | D36: 32768 | E36: fp8 | F36: fp32 | G36: fp32
A37: =B37&"-"&C37&"-"&D37&"-"&E37&"-"&F37&"-"&G37 -> 65536-1-65536-int8-int32-int32 | B37: 65536 | C37: 1 | D37: 65536 | E37: int8 | F37: int32 | G37: int32 | H37: 32768 | I37: 0 | J37: 0 | K37: 0 | L37: 64 | M37: 0 | N37: 281474976710656 | O37: 281496451547136 | P37: 57744.4 | Q37: 4874.5 | R37: 0 | S37: 0 | T37: 0 | U37: 0
A38: =B38&"-"&C38&"-"&D38&"-"&E38&"-"&F38&"-"&G38 -> 8192-1-8192-fp16-fp32-fp32 | B38: 8192 | C38: 1 | D38: 8192 | E38: fp16 | F38: fp32 | G38: fp32 | H38: 524288 | I38: 0 | J38: 0 | K38: 0 | L38: 64 | M38: 0 | N38: 70368744177664 | O38: 140789027962880 | P38: 164849 | Q38: 426.868 | R38: 0 | S38: 0 | T38: 0 | U38: 0
A39: =B39&"-"&C39&"-"&D39&"-"&E39&"-"&F39&"-"&G39 -> 32768-1-32768-fp16-fp16-fp32 | B39: 32768 | C39: 1 | D39: 32768 | E39: fp16 | F39: fp16 | G39: fp32 | H39: 65536 | I39: 0 | J39: 0 | K39: 0 | L39: 64 | M39: 0 | N39: 140737488355328 | O39: 281492156579840 | P39: 76039.2 | Q39: 1850.86 | R39: 0 | S39: 0 | T39: 0 | U39: 0
A40: =B40&"-"&C40&"-"&D40&"-"&E40&"-"&F40&"-"&G40 -> 98304-1-98304-bf8-fp32-fp32 | B40: 98304 | C40: 1 | D40: 98304 | E40: bf8 | F40: fp32 | G40: fp32
A41: =B41&"-"&C41&"-"&D41&"-"&E41&"-"&F41&"-"&G41 -> 16384-1-16384-tf32-fp32-fp32 | B41: 16384 | C41: 1 | D41: 16384 | E41: tf32 | F41: fp32 | G41: fp32 | H41: 131072 | I41: 0 | J41: 0 | K41: 0 | L41: 64 | M41: 0 | N41: 70368744177664 | O41: 281509336449024 | P41: 139408 | Q41: 504.767 | R41: 0 | S41: 0 | T41: 0 | U41: 0
A42: =B42&"-"&C42&"-"&D42&"-"&E42&"-"&F42&"-"&G42 -> 8192-1-8192-fp16-fp16-fp16 | B42: 8192 | C42: 1 | D42: 8192 | E42: fp16 | F42: fp16 | G42: fp16 | H42: 524288 | I42: 0 | J42: 0 | K42: 0 | L42: 64 | M42: 0 | N42: 70368744177664 | O42: 140771848093696 | P42: 214636 | Q42: 327.851 | R42: 0 | S42: 0 | T42: 0 | U42: 0
A43: =B43&"-"&C43&"-"&D43&"-"&E43&"-"&F43&"-"&G43 -> 8192-1-8192-fp64-fp64-fp64 | B43: 8192 | C43: 1 | D43: 8192 | E43: fp64 | F43: fp64 | G43: fp64 | H43: 524288 | I43: 0 | J43: 0 | K43: 0 | L43: 64 | M43: 0 | N43: 70368744177664 | O43: 563087392374784 | P43: 87116.4 | Q43: 807.755 | R43: 0 | S43: 0 | T43: 0 | U43: 0
A44: =B44&"-"&C44&"-"&D44&"-"&E44&"-"&F44&"-"&G44 -> 16384-1-16384-int8-int32-int32 | B44: 16384 | C44: 1 | D44: 16384 | E44: int8 | F44: int32 | G44: int32 | H44: 131072 | I44: 0 | J44: 0 | K44: 0 | L44: 64 | M44: 0 | N44: 70368744177664 | O44: 70390219014144 | P44: 52739.8 | Q44: 1334.26 | R44: 0 | S44: 0 | T44: 0 | U44: 0
A45: =B45&"-"&C45&"-"&D45&"-"&E45&"-"&F45&"-"&G45 -> 4096-1-4096-fp32-fp32-fp32 | B45: 4096 | C45: 1 | D45: 4096 | E45: fp32 | F45: fp32 | G45: fp32 | H45: 524288 | I45: 0 | J45: 0 | K45: 0 | L45: 64 | M45: 0 | N45: 17592186044416 | O45: 70403103916032 | P45: 148687 | Q45: 118.317 | R45: 0 | S45: 0 | T45: 0 | U45: 0
A46: =B46&"-"&C46&"-"&D46&"-"&E46&"-"&F46&"-"&G46 -> 98304-1-98304-fp8-fp32-fp32 | B46: 98304 | C46: 1 | D46: 98304 | E46: fp8 | F46: fp32 | G46: fp32
A47: =B47&"-"&C47&"-"&D47&"-"&E47&"-"&F47&"-"&G47 -> 4096-1-4096-fp8-fp32-fp32 | B47: 4096 | C47: 1 | D47: 4096 | E47: fp8 | F47: fp32 | G47: fp32
A48: =B48&"-"&C48&"-"&D48&"-"&E48&"-"&F48&"-"&G48 -> 16384-1-16384-fp8-fp32-fp32 | B48: 16384 | C48: 1 | D48: 16384 | E48: fp8 | F48: fp32 | G48: fp32
A49: =B49&"-"&C49&"-"&D49&"-"&E49&"-"&F49&"-"&G49 -> 65536-1-65536-fp16-fp16-fp32 | B49: 65536 | C49: 1 | D49: 65536 | E49: fp16 | F49: fp16 | G49: fp32 | H49: 32768 | I49: 0 | J49: 0 | K49: 0 | L49: 64 | M49: 0 | N49: 281474976710656 | O49: 562967133290496 | P49: 87247.8 | Q49: 3226.16 | R49: 0 | S49: 0 | T49: 0 | U49: 0
A50: =B50&"-"&C50&"-"&D50&"-"&E50&"-"&F50&"-"&G50 -> 4096-1-4096-int8-int32-int32 | B50: 4096 | C50: 1 | D50: 4096 | E50: int8 | F50: int32 | G50: int32 | H50: 524288 | I50: 0 | J50: 0 | K50: 0 | L50: 64 | M50: 0 | N50: 17592186044416 | O50: 17613660880896 | P50: 66167.3 | Q50: 265.874 | R50: 0 | S50: 0 | T50: 0 | U50: 0
A51: =B51&"-"&C51&"-"&D51&"-"&E51&"-"&F51&"-"&G51 -> 8192-1-8192-tf32-fp32-fp32 | B51: 8192 | C51: 1 | D51: 8192 | E51: tf32 | F51: fp32 | G51: fp32 | H51: 524288 | I51: 0 | J51: 0 | K51: 0 | L51: 64 | M51: 0 | N51: 70368744177664 | O51: 281543696187392 | P51: 284855 | Q51: 247.033 | R51: 0 | S51: 0 | T51: 0 | U51: 0
A52: =B52&"-"&C52&"-"&D52&"-"&E52&"-"&F52&"-"&G52 -> 4096-1-4096-tf32-fp32-fp32 | B52: 4096 | C52: 1 | D52: 4096 | E52: tf32 | F52: fp32 | G52: fp32 | H52: 524288 | I52: 0 | J52: 0 | K52: 0 | L52: 64 | M52: 0 | N52: 17592186044416 | O52: 70403103916032 | P52: 148750 | Q52: 118.266 | R52: 0 | S52: 0 | T52: 0 | U52: 0
A53: =B53&"-"&C53&"-"&D53&"-"&E53&"-"&F53&"-"&G53 -> 65536-1-65536-fp64-fp64-fp64 | B53: 65536 | C53: 1 | D53: 65536 | E53: fp64 | F53: fp64 | G53: fp64 | H53: 32768 | I53: 0 | J53: 0 | K53: 0 | L53: 64 | M53: 0 | N53: 281474976710656 | O53: 2.2518685e+15 | P53: 206514 | Q53: 1362.98 | R53: 0 | S53: 0 | T53: 0 | U53: 0
A54: =B54&"-"&C54&"-"&D54&"-"&E54&"-"&F54&"-"&G54 -> 8192-1-8192-bf16-fp32-fp32 | B54: 8192 | C54: 1 | D54: 8192 | E54: bf16 | F54: fp32 | G54: fp32 | H54: 524288 | I54: 0 | J54: 0 | K54: 0 | L54: 64 | M54: 0 | N54: 70368744177664 | O54: 140789027962880 | P54: 164945 | Q54: 426.619 | R54: 0 | S54: 0 | T54: 0 | U54: 0
A55: =B55&"-"&C55&"-"&D55&"-"&E55&"-"&F55&"-"&G55 -> 4096-1-4096-bf8-fp32-fp32 | B55: 4096 | C55: 1 | D55: 4096 | E55: bf8 | F55: fp32 | G55: fp32
A56: =B56&"-"&C56&"-"&D56&"-"&E56&"-"&F56&"-"&G56 -> 65536-1-65536-tf32-fp32-fp32 | B56: 65536 | C56: 1 | D56: 65536 | E56: tf32 | F56: fp32 | G56: fp32 | H56: 32768 | I56: 0 | J56: 0 | K56: 0 | L56: 64 | M56: 0 | N56: 281474976710656 | O56: 1.1259343e+15 | P56: 277159 | Q56: 1015.57 | R56: 0 | S56: 0 | T56: 0 | U56: 0
A57: =B57&"-"&C57&"-"&D57&"-"&E57&"-"&F57&"-"&G57 -> 32768-1-32768-fp16-fp32-fp32 | B57: 32768 | C57: 1 | D57: 32768 | E57: fp16 | F57: fp32 | G57: fp32 | H57: 65536 | I57: 0 | J57: 0 | K57: 0 | L57: 64 | M57: 0 | N57: 140737488355328 | O57: 281500746514432 | P57: 73340.2 | Q57: 1918.97 | R57: 0 | S57: 0 | T57: 0 | U57: 0
A58: =B58&"-"&C58&"-"&D58&"-"&E58&"-"&F58&"-"&G58 -> 8192-1-8192-bf16-bf16-fp32 | B58: 8192 | C58: 1 | D58: 8192 | E58: bf16 | F58: bf16 | G58: fp32 | H58: 524288 | I58: 0 | J58: 0 | K58: 0 | L58: 64 | M58: 0 | N58: 70368744177664 | O58: 140771848093696 | P58: 143202 | Q58: 491.393 | R58: 0 | S58: 0 | T58: 0 | U58: 0
A59: =B59&"-"&C59&"-"&D59&"-"&E59&"-"&F59&"-"&G59 -> 98304-1-98304-fp16-fp16-fp16 | B59: 98304 | C59: 1 | D59: 98304 | E59: fp16 | F59: fp16 | G59: fp16 | H59: 32768 | I59: 0 | J59: 0 | K59: 0 | L59: 64 | M59: 0 | N59: 633318697598976 | O59: 1.2666632e+15 | P59: 361754 | Q59: 1750.69 | R59: 0 | S59: 0 | T59: 0 | U59: 0
A60: =B60&"-"&C60&"-"&D60&"-"&E60&"-"&F60&"-"&G60 -> 16384-1-16384-fp64-fp64-fp64 | B60: 16384 | C60: 1 | D60: 16384 | E60: fp64 | F60: fp64 | G60: fp64 | H60: 131072 | I60: 0 | J60: 0 | K60: 0 | L60: 64 | M60: 0 | N60: 70368744177664 | O60: 563018672898048 | P60: 55360.8 | Q60: 1271.09 | R60: 0 | S60: 0 | T60: 0 | U60: 0
A61: =B61&"-"&C61&"-"&D61&"-"&E61&"-"&F61&"-"&G61 -> 4096-1-4096-bf16-fp32-fp32 | B61: 4096 | C61: 1 | D61: 4096 | E61: bf16 | F61: fp32 | G61: fp32 | H61: 524288 | I61: 0 | J61: 0 | K61: 0 | L61: 64 | M61: 0 | N61: 17592186044416 | O61: 35210141892608 | P61: 94615.3 | Q61: 185.934 | R61: 0 | S61: 0 | T61: 0 | U61: 0
A62: =B62&"-"&C62&"-"&D62&"-"&E62&"-"&F62&"-"&G62 -> 16384-1-16384-bf16-bf16-fp32 | B62: 16384 | C62: 1 | D62: 16384 | E62: bf16 | F62: bf16 | G62: fp32 | H62: 131072 | I62: 0 | J62: 0 | K62: 0 | L62: 64 | M62: 0 | N62: 70368744177664 | O62: 140754668224512 | P62: 76296.1 | Q62: 922.311 | R62: 0 | S62: 0 | T62: 0 | U62: 0
A63: =B63&"-"&C63&"-"&D63&"-"&E63&"-"&F63&"-"&G63 -> 4096-1-4096-fp16-fp32-fp32 | B63: 4096 | C63: 1 | D63: 4096 | E63: fp16 | F63: fp32 | G63: fp32 | H63: 524288 | I63: 0 | J63: 0 | K63: 0 | L63: 64 | M63: 0 | N63: 17592186044416 | O63: 35210141892608 | P63: 94585.4 | Q63: 185.993 | R63: 0 | S63: 0 | T63: 0 | U63: 0
A64: =B64&"-"&C64&"-"&D64&"-"&E64&"-"&F64&"-"&G64 -> 65536-1-65536-fp16-fp16-fp16 | B64: 65536 | C64: 1 | D64: 65536 | E64: fp16 | F64: fp16 | G64: fp16 | H64: 32768 | I64: 0 | J64: 0 | K64: 0 | L64: 64 | M64: 0 | N64: 281474976710656 | O64: 562967133290496 | P64: 186364 | Q64: 1510.35 | R64: 0 | S64: 0 | T64: 0 | U64: 0
A65: =B65&"-"&C65&"-"&D65&"-"&E65&"-"&F65&"-"&G65 -> 98304-1-98304-bf16-bf16-fp32 | B65: 98304 | C65: 1 | D65: 98304 | E65: bf16 | F65: bf16 | G65: fp32 | H65: 32768 | I65: 0 | J65: 0 | K65: 0 | L65: 64 | M65: 0 | N65: 633318697598976 | O65: 1.2666632e+15 | P65: 256133 | Q65: 2472.62 | R65: 0 | S65: 0 | T65: 0 | U65: 0
A66: =B66&"-"&C66&"-"&D66&"-"&E66&"-"&F66&"-"&G66 -> 98304-1-98304-fp16-fp16-fp32 | B66: 98304 | C66: 1 | D66: 98304 | E66: fp16 | F66: fp16 | G66: fp32 | H66: 32768 | I66: 0 | J66: 0 | K66: 0 | L66: 64 | M66: 0 | N66: 633318697598976 | O66: 1.2666632e+15 | P66: 257560 | Q66: 2458.92 | R66: 0 | S66: 0 | T66: 0 | U66: 0
A67: =B67&"-"&C67&"-"&D67&"-"&E67&"-"&F67&"-"&G67 -> 32768-1-32768-fp32-fp32-fp32 | B67: 32768 | C67: 1 | D67: 32768 | E67: fp32 | F67: fp32 | G67: fp32 | H67: 65536 | I67: 0 | J67: 0 | K67: 0 | L67: 64 | M67: 0 | N67: 140737488355328 | O67: 562984313159680 | P67: 138462 | Q67: 1016.44 | R67: 0 | S67: 0 | T67: 0 | U67: 0

Sheet hipblaslt_mi300x_SM
B1: M | C1: N | D1: K | E1: MUL | F1: ACC | G1: SCALE | H1: all_gpu_power_avg | I1: all_gpu_power_max | J1: all_gpu_power_min | K1: all_gpu_power_90th | L1: all_gpu_power_99th | M1: gpu0_power_avg | N1: gpu0_power_max | O1: gpu0_power_min | P1: gpu0_power_90th | Q1: gpu0_power_99th | R1: gpu0_temp_avg | S1: gpu0_temp_max | T1: gpu0_temp_min | U1: gpu0_temp_90th | V1: gpu0_temp_99th | W1: all_gpu_sclk_avg | X1: all_gpu_sclk_max | Y1: all_gpu_sclk_min | Z1: all_gpu_sclk_90th | AA1: all_gpu_sclk_99th | AB1: gpu0_sclk_avg | AC1: gpu0_sclk_max | AD1: gpu0_sclk_min | AE1: gpu0_sclk_90th | AF1: gpu0_sclk_99th | AG1: all_gpu_mclk_avg | AH1: all_gpu_mclk_max | AI1: all_gpu_mclk_min | AJ1: all_gpu_mclk_90th | AK1: all_gpu_mclk_99th | AL1: gpu0_mclk_avg | AM1: gpu0_mclk_max | AN1: gpu0_mclk_min | AO1: gpu0_mclk_90th | AP1: gpu0_mclk_99th
A2: =B2&"-"&C2&"-"&D2&"-"&E2&"-"&F2&"-"&G2 -> 32768-1-32768-bf8-fp16-fp32 | B2: 32768 | C2: 1 | D2: 32768 | E2: bf8 | F2: fp16 | G2: fp32 | H2: 614.60494 | I2: 621 | J2: 598 | K2: 620 | L2: 621 | M2: 614.60494 | N2: 621 | O2: 598 | P2: 620 | Q2: 621 | R2: 60.506173 | S2: 64 | T2: 43 | U2: 64 | V2: 64 | W2: 2085.1281 | X2: 2093 | Y2: 2077 | Z2: 2093 | AA2: 2093 | AB2: 2085.1281 | AC2: 2093 | AD2: 2077 | AE2: 2093 | AF2: 2093 | AG2: 1300 | AH2: 1300 | AI2: 1300 | AJ2: 1300 | AK2: 1300 | AL2: 1300 | AM2: 1300 | AN2: 1300 | AO2: 1300 | AP2: 1300
A3: =B3&"-"&C3&"-"&D3&"-"&E3&"-"&F3&"-"&G3 -> 16384-1-16384-fp32-fp32-fp32 | B3: 16384 | C3: 1 | D3: 16384 | E3: fp32 | F3: fp32 | G3: fp32 | H3: 682.85366 | I3: 702 | J3: 243 | K3: 700 | L3: 701.6 | M3: 682.85366 | N3: 702 | O3: 243 | P3: 700 | Q3: 701.6 | R3: 56.585366 | S3: 61 | T3: 40 | U3: 60 | V3: 61 | W3: 2051.5955 | X3: 2095 | Y3: 616 | Z3: 2094 | AA3: 2095 | AB3: 2051.5955 | AC3: 2095 | AD3: 616 | AE3: 2094 | AF3: 2095 | AG3: 1297.561 | AH3: 1300 | AI3: 1200 | AJ3: 1300 | AK3: 1300 | AL3: 1297.561 | AM3: 1300 | AN3: 1200 | AO3: 1300 | AP3: 1300
A4: =B4&"-"&C4&"-"&D4&"-"&E4&"-"&F4&"-"&G4 -> 4096-1-4096-int8-int32-int32 | B4: 4096 | C4: 1 | D4: 4096 | E4: int8 | F4: int32 | G4: int32 | H4: 275.27907 | I4: 277 | J4: 263 | K4: 277 | L4: 277 | M4: 275.27907 | N4: 277 | O4: 263 | P4: 277 | Q4: 277 | R4: 43.023256 | S4: 45 | T4: 40 | U4: 44 | V4: 44.58 | W4: 2095.9467 | X4: 2105 | Y4: 2036 | Z4: 2104 | AA4: 2104.72 | AB4: 2095.9467 | AC4: 2105 | AD4: 2036 | AE4: 2104 | AF4: 2104.72 | AG4: 1299.3256 | AH4: 1300 | AI4: 1271 | AJ4: 1300 | AK4: 1300 | AL4: 1299.3256 | AM4: 1300 | AN4: 1271 | AO4: 1300 | AP4: 1300
A5: =B5&"-"&C5&"-"&D5&"-"&E5&"-"&F5&"-"&G5 -> 32768-1-32768-fp8-fp16-fp32 | B5: 32768 | C5: 1 | D5: 32768 | E5: fp8 | F5: fp16 | G5: fp32 | H5: 608.54878 | I5: 621 | J5: 275 | K5: 619 | L5: 621 | M5: 608.54878 | N5: 621 | O5: 275 | P5: 619 | Q5: 621 | R5: 59.585366 | S5: 64 | T5: 40 | U5: 63 | V5: 64 | W5: 2069.0864 | X5: 2094 | Y5: 757 | Z5: 2093 | AA5: 2093 | AB5: 2069.0864 | AC5: 2094 | AD5: 757 | AE5: 2093 | AF5: 2093 | AG5: 1299.8171 | AH5: 1300 | AI5: 1285 | AJ5: 1300 | AK5: 1300 | AL5: 1299.8171 | AM5: 1300 | AN5: 1285 | AO5: 1300 | AP5: 1300
A6: =B6&"-"&C6&"-"&D6&"-"&E6&"-"&F6&"-"&G6 -> 8192-1-8192-fp16-fp16-fp32 | B6: 8192 | C6: 1 | D6: 8192 | E6: fp16 | F6: fp16 | G6: fp32 | H6: 399.16 | I6: 412 | J6: 214 | K6: 411 | L6: 411.76 | M6: 399.16 | N6: 412 | O6: 214 | P6: 411 | Q6: 411.76 | R6: 48.92 | S6: 52 | T6: 41 | U6: 52 | V6: 52 | W6: 2034.6 | X6: 2096 | Y6: 728 | Z6: 2096 | AA6: 2096 | AB6: 2034.6 | AC6: 2096 | AD6: 728 | AE6: 2096 | AF6: 2096 | AG6: 1288.04 | AH6: 1300 | AI6: 1001 | AJ6: 1300 | AK6: 1300 | AL6: 1288.04 | AM6: 1300 | AN6: 1001 | AO6: 1300 | AP6: 1300
A7: =B7&"-"&C7&"-"&D7&"-"&E7&"-"&F7&"-"&G7 -> 8192-1-8192-fp8-fp8-fp32 | B7: 8192 | C7: 1 | D7: 8192 | E7: fp8 | F7: fp8 | G7: fp32 | H7: 479.20455 | I7: 488 | J7: 374 | K7: 484 | L7: 488 | M7: 479.20455 | N7: 488 | O7: 374 | P7: 484 | Q7: 488 | R7: 50.886364 | S7: 53 | T7: 39 | U7: 52 | V7: 52.57 | W7: 2079.4801 | X7: 2095 | Y7: 1748 | Z7: 2095 | AA7: 2095 | AB7: 2079.4801 | AC7: 2095 | AD7: 1748 | AE7: 2095 | AF7: 2095 | AG7: 1296.9318 | AH7: 1300 | AI7: 1165 | AJ7: 1300 | AK7: 1300 | AL7: 1296.9318 | AM7: 1300 | AN7: 1165 | AO7: 1300 | AP7: 1300
A8: =B8&"-"&C8&"-"&D8&"-"&E8&"-"&F8&"-"&G8 -> 16384-1-16384-bf8-fp16-fp32 | B8: 16384 | C8: 1 | D8: 16384 | E8: bf8 | F8: fp16 | G8: fp32 | H8: 493.02273 | I8: 496 | J8: 467 | K8: 495 | L8: 496 | M8: 493.02273 | N8: 496 | O8: 467 | P8: 495 | Q8: 496 | R8: 52.568182 | S8: 54 | T8: 39 | U8: 54 | V8: 54 | W8: 2086.4223 | X8: 2096 | Y8: 2043 | Z8: 2094 | AA8: 2095 | AB8: 2086.4223 | AC8: 2096 | AD8: 2043 | AE8: 2094 | AF8: 2095 | AG8: 1299.5227 | AH8: 1300 | AI8: 1279 | AJ8: 1300 | AK8: 1300 | AL8: 1299.5227 | AM8: 1300 | AN8: 1279 | AO8: 1300 | AP8: 1300
A9: =B9&"-"&C9&"-"&D9&"-"&E9&"-"&F9&"-"&G9 -> 4096-1-4096-bf8-fp32-fp32 | B9: 4096 | C9: 1 | D9: 4096 | E9: bf8 | F9: fp32 | G9: fp32 | H9: 379.27778 | I9: 384 | J9: 365 | K9: 381 | L9: 383.49 | M9: 379.27778 | N9: 384 | O9: 365 | P9: 381 | Q9: 383.49 | R9: 42 | S9: 44 | T9: 37 | U9: 44 | V9: 44 | W9: 2090.6597 | X9: 2100 | Y9: 2052 | Z9: 2099 | AA9: 2099.47 | AB9: 2090.6597 | AC9: 2100 | AD9: 2052 | AE9: 2099 | AF9: 2099.47 | AG9: 1299 | AH9: 1300 | AI9: 1282 | AJ9: 1300 | AK9: 1300 | AL9: 1299 | AM9: 1300 | AN9: 1282 | AO9: 1300 | AP9: 1300
A10: =B10&"-"&C10&"-"&D10&"-"&E10&"-"&F10&"-"&G10 -> 4096-1-4096-bf8-bf8-fp32 | B10: 4096 | C10: 1 | D10: 4096 | E10: bf8 | F10: bf8 | G10: fp32 | H10: 361.80769 | I10: 364 | J10: 336 | K10: 364 | L10: 364 | M10: 361.80769 | N10: 364 | O10: 336 | P10: 364 | Q10: 364 | R10: 41.807692 | S10: 44 | T10: 36 | U10: 43.5 | V10: 44 | W10: 2090.258 | X10: 2101 | Y10: 1990 | Z10: 2101 | AA10: 2101 | AB10: 2090.258 | AC10: 2101 | AD10: 1990 | AE10: 2101 | AF10: 2101 | AG10: 1298 | AH10: 1300 | AI10: 1248 | AJ10: 1300 | AK10: 1300 | AL10: 1298 | AM10: 1300 | AN10: 1248 | AO10: 1300 | AP10: 1300
A11: =B11&"-"&C11&"-"&D11&"-"&E11&"-"&F11&"-"&G11 -> 16384-1-16384-bf16-bf16-fp32 | B11: 16384 | C11: 1 | D11: 16384 | E11: bf16 | F11: bf16 | G11: fp32 | H11: 750.06667 | I11: 751 | J11: 749 | K11: 751 | L11: 751 | M11: 750.06667 | N11: 751 | O11: 749 | P11: 751 | Q11: 751 | R11: 55.8 | S11: 60 | T11: 45 | U11: 60 | V11: 60 | W11: 1800.3722 | X11: 1844 | Y11: 1769 | Z11: 1822.8 | AA11: 1840.59 | AB11: 1800.3722 | AC11: 1844 | AD11: 1769 | AE11: 1822.8 | AF11: 1840.59 | AG11: 1300 | AH11: 1300 | AI11: 1300 | AJ11: 1300 | AK11: 1300 | AL11: 1300 | AM11: 1300 | AN11: 1300 | AO11: 1300 | AP11: 1300
A12: =B12&"-"&C12&"-"&D12&"-"&E12&"-"&F12&"-"&G12 -> 32768-1-32768-bf8-fp32-fp32 | B12: 32768 | C12: 1 | D12: 32768 | E12: bf8 | F12: fp32 | G12: fp32 | H12: 606.56098 | I12: 614 | J12: 577 | K12: 612 | L12: 613.19 | M12: 606.56098 | N12: 614 | O12: 577 | P12: 612 | Q12: 613.19 | R12: 58.256098 | S12: 62 | T12: 37 | U12: 62 | V12: 62 | W12: 2085.909 | X12: 2095 | Y12: 2058 | Z12: 2094 | AA12: 2095 | AB12: 2085.909 | AC12: 2095 | AD12: 2058 | AE12: 2094 | AF12: 2095 | AG12: 1299.8537 | AH12: 1300 | AI12: 1288 | AJ12: 1300 | AK12: 1300 | AL12: 1299.8537 | AM12: 1300 | AN12: 1288 | AO12: 1300 | AP12: 1300
A13: =B13&"-"&C13&"-"&D13&"-"&E13&"-"&F13&"-"&G13 -> 65536-1-65536-int8-int32-int32 | B13: 65536 | C13: 1 | D13: 65536 | E13: int8 | F13: int32 | G13: int32 | H13: 750.03226 | I13: 751 | J13: 749 | K13: 751 | L13: 751 | M13: 750.03226 | N13: 751 | O13: 749 | P13: 751 | Q13: 751 | R13: 66.983871 | S13: 72 | T13: 42 | U13: 71 | V13: 71.39 | W13: 1773.9099 | X13: 1817 | Y13: 1747 | Z13: 1794 | AA13: 1810.9 | AB13: 1773.9099 | AC13: 1817 | AD13: 1747 | AE13: 1794 | AF13: 1810.9 | AG13: 1300 | AH13: 1300 | AI13: 1300 | AJ13: 1300 | AK13: 1300 | AL13: 1300 | AM13: 1300 | AN13: 1300 | AO13: 1300 | AP13: 1300
... A91: =B91&"-"&C91&"-"&D91&"-"&E91&"-"&F91&"-"&G91 -> 65536-1-65536-fp64-fp64-fp64 | B91: 65536 | C91: 1 | D91: 65536 | E91: fp64 | F91: fp64 | G91: fp64 | H91: 231 | I91: 273 | J91: 189 | K91: 264.6 | L91: 272.16 | M91: 231 | N91: 273 | O91: 189 | P91: 264.6 | Q91: 272.16 | R91: 37.5 | S91: 38 | T91: 37 | U91: 37.9 | V91: 37.99 | W91: 1096.4792 | X91: 2060 | Y91: 132 | Z91: 2057.375 | AA91: 2059.7375 | AB91: 1096.4792 | AC91: 2060 | AD91: 132 | AE91: 2057.375 | AF91: 2059.7375 | AG91: 1289.5 | AH91: 1300 | AI91: 1279 | AJ91: 1300 | AK91: 1300 | AL91: 1289.5 | AM91: 1300 | AN91: 1279 | AO91: 1297.9 | AP91: 1299.79

Sheet hipblaslt_mi325x_750W_Auto_SM
B1: M | C1: N | D1: K | E1: MUL | F1: ACC | G1: SCALE | H1: all_gpu_power_avg | I1: all_gpu_power_max | J1: all_gpu_power_min | K1: all_gpu_power_90th | L1: all_gpu_power_99th | M1: gpu0_power_avg | N1: gpu0_power_max | O1: gpu0_power_min | P1: gpu0_power_90th | Q1: gpu0_power_99th | R1: gpu0_temp_avg | S1: gpu0_temp_max | T1: gpu0_temp_min | U1: gpu0_temp_90th | V1: gpu0_temp_99th | W1: all_gpu_sclk_avg | X1: all_gpu_sclk_max | Y1: all_gpu_sclk_min | Z1: all_gpu_sclk_90th | AA1: all_gpu_sclk_99th | AB1: gpu0_sclk_avg | AC1: gpu0_sclk_max | AD1: gpu0_sclk_min | AE1: gpu0_sclk_90th | AF1: gpu0_sclk_99th | AG1: all_gpu_mclk_avg | AH1: all_gpu_mclk_max | AI1: all_gpu_mclk_min | AJ1: all_gpu_mclk_90th | AK1: all_gpu_mclk_99th | AL1: gpu0_mclk_avg | AM1: gpu0_mclk_max | AN1: gpu0_mclk_min | AO1: gpu0_mclk_90th | AP1: gpu0_mclk_99th
A2: =B2&"-"&C2&"-"&D2&"-"&E2&"-"&F2&"-"&G2 -> 96804-1-96804-fp16-fp16-fp32 | B2: 96804 | C2: 1 | D2: 96804 | E2: fp16 | F2: fp16 | G2: fp32 | H2: 746.61789 | I2: 751 | J2: 333 | K2: 750 | L2: 751 | M2: 746.61789 | N2: 751 | O2: 333 | P2: 750 | Q2: 751 | R2: 62.715447 | S2: 67 | T2: 50 | U2: 66 | V2: 67 | W2: 1591.2547 | X2: 1716 | Y2: 777 | Z2: 1659.6 | AA2: 1704.96 | AB2: 1591.2547 | AC2: 1716 | AD2: 777 | AE2: 1659.6 | AF2: 1704.96 | AG2: 1301.4959 | AH2: 1459 | AI2: 1300 | AJ2: 1300 | AK2: 1311 | AL2: 1301.4959 | AM2: 1459 | AN2: 1300 | AO2: 1300 | AP2: 1310.78
A3: =B3&"-"&C3&"-"&D3&"-"&E3&"-"&F3&"-"&G3 -> 8192-1-8192-bf8-fp32-fp32 | B3: 8192 | C3: 1 | D3: 8192 | E3: bf8 | F3: fp32 | G3: fp32 | H3: 510.48936 | I3: 530 | J3: 348 | K3: 523.8 | L3: 528.62 | M3: 510.48936 | N3: 530 | O3: 348 | P3: 523.8 | Q3: 528.62 | R3: 56.382979 | S3: 59 | T3: 44 | U3: 59 | V3: 59 | W3: 2068.9415 | X3: 2089 | Y3: 1588 | Z3: 2088 | AA3: 2089 | AB3: 2068.9415 | AC3: 2089 | AD3: 1588 | AE3: 2088 | AF3: 2089 | AG3: 1499.0426 | AH3: 1500 | AI3: 1455 | AJ3: 1500 | AK3: 1500 | AL3: 1499.0426 | AM3: 1500 | AN3: 1455 | AO3: 1500 | AP3: 1500
A4: =B4&"-"&C4&"-"&D4&"-"&E4&"-"&F4&"-"&G4 -> 32768-1-32768-int8-int32-int32 | B4: 32768 | C4: 1 | D4: 32768 | E4: int8 | F4: int32 | G4: int32 | H4: 749.075 | I4: 750 | J4: 719 | K4: 750 | L4: 750 | M4: 749.075 | N4: 750 | O4: 719 | P4: 750 | Q4: 750 | R4: 62.325 | S4: 65 | T4: 46 | U4: 65 | V4: 65 | W4: 1982.301 | X4: 2021 | Y4: 1944 | Z4: 2007.2 | AA4: 2019 | AB4: 1982.301 | AC4: 2021 | AD4: 1944 | AE4: 2007.2 | AF4: 2019 | AG4: 1499.225 | AH4: 1500 | AI4: 1469 | AJ4: 1500 | AK4: 1500 | AL4: 1499.225 | AM4: 1500 | AN4: 1469 | AO4: 1500 | AP4: 1500
A5: =B5&"-"&C5&"-"&D5&"-"&E5&"-"&F5&"-"&G5 -> 4096-1-4096-tf32-fp32-fp32 | B5: 4096 | C5: 1 | D5: 4096 | E5: tf32 | F5: fp32 | G5: fp32 | H5: 396.875 | I5: 401 | J5: 383 | K5: 399.9 | L5: 401 | M5: 396.875 | N5: 401 | O5: 383 | P5: 399.9 | Q5: 401 | R5: 49.40625 | S5: 52 | T5: 42 | U5: 51 | V5: 52 | W5: 2081.918 | X5: 2093 | Y5: 2048 | Z5: 2092 | AA5: 2092.05 | AB5: 2081.918 | AC5: 2093 | AD5: 2048 | AE5: 2092 | AF5: 2092.05 | AG5: 1499.4375 | AH5: 1500 | AI5: 1482 | AJ5: 1500 | AK5: 1500 | AL5: 1499.4375 | AM5: 1500 | AN5: 1482 | AO5: 1500 | AP5: 1500
A6: =B6&"-"&C6&"-"&D6&"-"&E6&"-"&F6&"-"&G6 -> 16384-1-16384-tf32-fp32-fp32 | B6: 16384 | C6: 1 | D6: 16384 | E6: tf32 | F6: fp32 | G6: fp32 | H6: 749.53061 | I6: 751 | J6: 725 | K6: 750 | L6: 751 | M6: 749.53061 | N6: 751 | O6: 725 | P6: 750 | Q6: 751 | R6: 61.428571 | S6: 64 | T6: 45 | U6: 64 | V6: 64 | W6: 1914.7202 | X6: 1973 | Y6: 1876 | Z6: 1947.85 | AA6: 1970.08 | AB6: 1914.7202 | AC6: 1973 | AD6: 1876 | AE6: 1947.85 | AF6: 1970.08 | AG6: 1499.4898 | AH6: 1500 | AI6: 1475 | AJ6: 1500 | AK6: 1500 | AL6: 1499.4898 | AM6: 1500 | AN6: 1475 | AO6: 1500 | AP6: 1500
A7: =B7&"-"&C7&"-"&D7&"-"&E7&"-"&F7&"-"&G7 -> 96804-1-96804-fp64-fp64-fp64 | B7: 96804 | C7: 1 | D7: 96804 | E7: fp64 | F7: fp64 | G7: fp64 | H7: 224.33333 | I7: 285 | J7: 194 | K7: 266.8 | L7: 283.18 | M7: 224.33333 | N7: 285 | O7: 194 | P7: 266.8 | Q7: 283.18 | R7: 42.333333 | S7: 43 | T7: 42 | U7: 42.8 | V7: 42.98 | W7: 776.63889 | X7: 2066 | Y7: 131 | Z7: 2058.8 | AA7: 2065.28 | AB7: 776.63889 | AC7: 2066 | AD7: 131 | AE7: 2058.8 | AF7: 2065.28 | AG7: 1493.3333 | AH7: 1500 | AI7: 1480 | AJ7: 1500 | AK7: 1500 | AL7: 1493.3333 | AM7: 1500 | AN7: 1480 | AO7: 1500 | AP7: 1500
A8: =B8&"-"&C8&"-"&D8&"-"&E8&"-"&F8&"-"&G8 -> 8192-1-8192-fp8-fp32-fp32 | B8: 8192 | C8: 1 | D8: 8192 | E8: fp8 | F8: fp32 | G8: fp32 | H8: 512.42553 | I8: 525 | J8: 362 | K8: 523 | L8: 525 | M8: 512.42553 | N8: 525 | O8: 362 | P8: 523 | Q8: 525 | R8: 57.765957 | S8: 61 | T8: 45 | U8: 61 | V8: 61 | W8: 2072.1569 | X8: 2088 | Y8: 1701 | Z8: 2088 | AA8: 2088 | AB8: 2072.1569 | AC8: 2088 | AD8: 1701 | AE8: 2088 | AF8: 2088 | AG8: 1499.617 | AH8: 1500 | AI8: 1482 | AJ8: 1500 | AK8: 1500 | AL8: 1499.617 | AM8: 1500 | AN8: 1482 | AO8: 1500 | AP8: 1500
A9: =B9&"-"&C9&"-"&D9&"-"&E9&"-"&F9&"-"&G9 -> 32768-1-32768-bf8-fp16-fp32 | B9: 32768 | C9: 1 | D9: 32768 | E9: bf8 | F9: fp16 | G9: fp32 | H9: 646.78409 | I9: 658 | J9: 576 | K9: 656 | L9: 658 | M9: 646.78409 | N9: 658 | O9: 576 | P9: 656 | Q9: 658 | R9: 62.727273 | S9: 68 | T9: 45 | U9: 67 | V9: 68 | W9: 2073.2273 | X9: 2088 | Y9: 2025 | Z9: 2086 | AA9: 2087 | AB9: 2073.2273 | AC9: 2088 | AD9: 2025 | AE9: 2086 | AF9: 2087 | AG9: 1499.6932 | AH9: 1500 | AI9: 1473 | AJ9: 1500 | AK9: 1500 | AL9: 1499.6932 | AM9: 1500 | AN9: 1473 | AO9: 1500 | AP9: 1500
A10: =B10&"-"&C10&"-"&D10&"-"&E10&"-"&F10&"-"&G10 -> 32768-1-32768-fp16-fp32-fp32 | B10: 32768 | C10: 1 | D10: 32768 | E10: fp16 | F10: fp32 | G10: fp32 | H10: 740.5 | I10: 751 | J10: 448 | K10: 750 | L10: 750.69 | M10: 740.5 | N10: 751 | O10: 448 | P10: 750 | Q10: 750.69 | R10: 58.625 | S10: 62 | T10: 44 | U10: 62 | V10: 62 | W10: 1778.6497 | X10: 1852 | Y10: 1069 | Z10: 1832 | AA10: 1848.2 | AB10: 1778.6497 | AC10: 1852 | AD10: 1069 | AE10: 1832 | AF10: 1848.2 | AG10: 1490.5 | AH10: 1500 | AI10: 1196 | AJ10: 1500 | AK10: 1500 | AL10: 1490.5 | AM10: 1500 | AN10: 1196 | AO10: 1500 | AP10: 1500
A11: =B11&"-"&C11&"-"&D11&"-"&E11&"-"&F11&"-"&G11 -> 16384-1-16384-fp8-fp16-fp32 | B11: 16384 | C11: 1 | D11: 16384 | E11: fp8 | F11: fp16 | G11: fp32 | H11: 530.85106 | I11: 538 | J11: 503 | K11: 536 | L11: 538 | M11: 530.85106 | N11: 538 | O11: 503 | P11: 536 | Q11: 538 | R11: 57.12766 | S11: 60 | T11: 44 | U11: 60 | V11: 60 | W11: 2074.281 | X11: 2088 | Y11: 2024 | Z11: 2087 | AA11: 2088 | AB11: 2074.281 | AC11: 2088 | AD11: 2024 | AE11: 2087 | AF11: 2088 | AG11: 1499.3617 | AH11: 1500 | AI11: 1470 | AJ11: 1500 | AK11: 1500 | AL11: 1499.3617 | AM11: 1500 | AN11: 1470 | AO11: 1500 | AP11: 1500
A12: =B12&"-"&C12&"-"&D12&"-"&E12&"-"&F12&"-"&G12 -> 8192-1-8192-fp64-fp64-fp64 | B12: 8192 | C12: 1 | D12: 8192 | E12: fp64 | F12: fp64 | G12: fp64 | H12: 253.375 | I12: 255 | J12: 247 | K12: 255 | L12: 255 | M12: 253.375 | N12: 255 | O12: 247 | P12: 255 | Q12: 255 | R12: 44.75 | S12: 45 | T12: 44 | U12: 45 | V12: 45 | W12: 2088.7344 | X12: 2104 | Y12: 2037 | Z12: 2104 | AA12: 2104 | AB12: 2088.7344 | AC12: 2104 | AD12: 2037 | AE12: 2104 | AF12: 2104 | AG12: 1495.75 | AH12: 1500 | AI12: 1466 | AJ12: 1500 | AK12: 1500 | AL12: 1495.75 | AM12: 1500 | AN12: 1466 | AO12: 1500 | AP12: 1500
A13: =B13&"-"&C13&"-"&D13&"-"&E13&"-"&F13&"-"&G13 -> 96804-1-96804-fp8-fp16-fp32 | B13: 96804 | C13: 1 | D13: 96804 | E13: fp8 | F13: fp16 | G13: fp32 | H13: 666.5881 | I13: 683 | J13: 163 | K13: 676 | L13: 680 | M13: 666.5881 | N13: 683 | O13: 163 | P13: 676 | Q13: 680 | R13: 67.1373 | S13: 70 | T13: 47 | U13: 70 | V13: 70 | W13: 1718.4423 | X13: 1791 | Y13: 143 | Z13: 1745.5 | AA13: 1771 | AB13: 1718.4423 | AC13: 1791 | AD13: 143 | AE13: 1745.5 | AF13: 1771 | AG13: 1391.627 | AH13: 1412 | AI13: 1037 | AJ13: 1400 | AK13: 1407 | AL13: 1391.627 | AM13: 1412 | AN13: 1037 | AO13: 1400 | AP13: 1407
... A91: =B91&"-"&C91&"-"&D91&"-"&E91&"-"&F91&"-"&G91 -> 96804-1-96804-bf8-fp32-fp32 | B91: 96804 | C91: 1 | D91: 96804 | E91: bf8 | F91: fp32 | G91: fp32 | H91: 668.3211 | I91: 684 | J91: 618 | K91: 676 | L91: 682 | M91: 668.3211 | N91: 684 | O91: 618 | P91: 676 | Q91: 682 | R91: 68.059633 | S91: 70 | T91: 47 | U91: 70 | V91: 70 | W91: 1722.6069 | X91: 1797 | Y91: 1681 | Z91: 1748 | AA91: 1778 | AB91: 1722.6069 | AC91: 1797 | AD91: 1681 | AE91: 1748 | AF91: 1778 | AG91: 1392.2821 | AH91: 1413 | AI91: 1376 | AJ91: 1400 | AK91: 1408 | AL91: 1392.2821 | AM91: 1413 | AN91: 1376 | AO91: 1400 | AP91: 1408

Sheet hipblaslt_mi325x_750W_Manual_SM
B1: M | C1: N | D1: K | E1: MUL | F1: ACC | G1: SCALE | H1: all_gpu_power_avg | I1: all_gpu_power_max | J1: all_gpu_power_min | K1: all_gpu_power_90th | L1: all_gpu_power_99th | M1: gpu0_power_avg | N1: gpu0_power_max | O1: gpu0_power_min | P1: gpu0_power_90th | Q1: gpu0_power_99th | R1: gpu0_temp_avg | S1: gpu0_temp_max | T1: gpu0_temp_min | U1: gpu0_temp_90th | V1: gpu0_temp_99th | W1: all_gpu_sclk_avg | X1: all_gpu_sclk_max | Y1: all_gpu_sclk_min | Z1: all_gpu_sclk_90th | AA1: all_gpu_sclk_99th | AB1: gpu0_sclk_avg | AC1: gpu0_sclk_max | AD1: gpu0_sclk_min | AE1: gpu0_sclk_90th | AF1: gpu0_sclk_99th | AG1: all_gpu_mclk_avg | AH1: all_gpu_mclk_max | AI1: all_gpu_mclk_min | AJ1: all_gpu_mclk_90th | AK1: all_gpu_mclk_99th | AL1: gpu0_mclk_avg | AM1: gpu0_mclk_max | AN1: gpu0_mclk_min | AO1: gpu0_mclk_90th | AP1: gpu0_mclk_99th
A2: =B2&"-"&C2&"-"&D2&"-"&E2&"-"&F2&"-"&G2 -> 32768-1-32768-tf32-fp32-fp32 | B2: 32768 | C2: 1 | D2: 32768 | E2: tf32 | F2: fp32 | G2: fp32 | H2: 670.85714 | I2: 675 | J2: 625 | K2: 674 | L2: 675 | M2: 670.85714 | N2: 675 | O2: 625 | P2: 674 | Q2: 675 | R2: 49.747253 | S2: 52 | T2: 34 | U2: 51 | V2: 52 | W2: 1375.0256 | X2: 1394 | Y2: 1323 | Z2: 1392 | AA2: 1393 | AB2: 1375.0256 | AC2: 1394 | AD2: 1323 | AE2: 1392 | AF2: 1393 | AG2: 1499.5385 | AH2: 1500 | AI2: 1458 | AJ2: 1500 | AK2: 1500 | AL2: 1499.5385 | AM2: 1500 | AN2: 1458 | AO2: 1500 | AP2: 1500
A3: =B3&"-"&C3&"-"&D3&"-"&E3&"-"&F3&"-"&G3 -> 32768-1-32768-fp8-fp16-fp32 | B3: 32768 | C3: 1 | D3: 32768 | E3: fp8 | F3: fp16 | G3: fp32 | H3: 512.19048 | I3: 515 | J3: 492 | K3: 514 | L3: 515 | M3: 512.19048 | N3: 515 | O3: 492 | P3: 514 | Q3: 515 | R3: 46.345238 | S3: 48 | T3: 34 | U3: 47 | V3: 48 | W3: 1382.9563 | X3: 1396 | Y3: 1351 | Z3: 1395 | AA3: 1396 | AB3: 1382.9563 | AC3: 1396 | AD3: 1351 | AE3: 1395 | AF3: 1396 | AG3: 1499.7143 | AH3: 1500 | AI3: 1476 | AJ3: 1500 | AK3: 1500 | AL3: 1499.7143 | AM3: 1500 | AN3: 1476 | AO3: 1500 | AP3: 1500
A4: =B4&"-"&C4&"-"&D4&"-"&E4&"-"&F4&"-"&G4 -> 16384-1-16384-fp64-fp64-fp64 | B4: 16384 | C4: 1 | D4: 16384 | E4: fp64 | F4: fp64 | G4: fp64 | H4: 195.33333 | I4: 197 | J4: 192 | K4: 197 | L4: 197 | M4: 195.33333 | N4: 197 | O4: 192 | P4: 197 | Q4: 197 | R4: 33.333333 | S4: 34 | T4: 33 | U4: 33.8 | V4: 33.98 | W4: 1388.9722 | X4: 1406 | Y4: 1361 | Z4: 1405.2 | AA4: 1405.92 | AB4: 1388.9722 | AC4: 1406 | AD4: 1361 | AE4: 1405.2 | AF4: 1405.92 | AG4: 1489.3333 | AH4: 1500 | AI4: 1468 | AJ4: 1500 | AK4: 1500 | AL4: 1489.3333 | AM4: 1500 | AN4: 1468 | AO4: 1500 | AP4: 1500
A5: =B5&"-"&C5&"-"&D5&"-"&E5&"-"&F5&"-"&G5 -> 32768-1-32768-int8-int32-int32 | B5: 32768 | C5: 1 | D5: 32768 | E5: int8 | F5: int32 | G5: int32 | H5: 482.56897 | I5: 485 | J5: 458 | K5: 484 | L5: 485 | M5: 482.56897 | N5: 485 | O5: 458 | P5: 484 | Q5: 485 | R5: 41.87931 | S5: 43 | T5: 33 | U5: 43 | V5: 43 | W5: 1366.1257 | X5: 1387 | Y5: 1320 | Z5: 1386 | AA5: 1387 | AB5: 1366.1257 | AC5: 1387 | AD5: 1320 | AE5: 1386 | AF5: 1387 | AG5: 1499.431 | AH5: 1500 | AI5: 1467 | AJ5: 1500 | AK5: 1500 | AL5: 1499.431 | AM5: 1500 | AN5: 1467 | AO5: 1500 | AP5: 1500
A6: =B6&"-"&C6&"-"&D6&"-"&E6&"-"&F6&"-"&G6 -> 32768-1-32768-bf16-fp32-fp32 | B6: 32768 | C6: 1 | D6: 32768 | E6: bf16 | F6: fp32 | G6: fp32 | H6: 624.35135 | I6: 633 | J6: 474 | K6: 631 | L6: 632.28 | M6: 624.35135 | N6: 633 | O6: 474 | P6: 631 | Q6: 632.28 | R6: 44.378378 | S6: 47 | T6: 33 | U6: 46.4 | V6: 47 | W6: 1375.6543 | X6: 1398 | Y6: 1052 | Z6: 1397 | AA6: 1398 | AB6: 1375.6543 | AC6: 1398 | AD6: 1052 | AE6: 1397 | AF6: 1398 | AG6: 1495.2162 | AH6: 1500 | AI6: 1323 | AJ6: 1500 | AK6: 1500 | AL6: 1495.2162 | AM6: 1500 | AN6: 1323 | AO6: 1500 | AP6: 1500
A7: =B7&"-"&C7&"-"&D7&"-"&E7&"-"&F7&"-"&G7 -> 8192-1-8192-fp16-fp16-fp16 | B7: 8192 | C7: 1 | D7: 8192 | E7: fp16 | F7: fp16 | G7: fp16 | H7: 0 | I7: 0 | J7: 0 | K7: 0 | L7: 0 | M7: 0 | N7: 0 | O7: 0 | P7: 0 | Q7: 0 | R7: 0 | S7: 0 | T7: 0 | U7: 0 | V7: 0 | W7: 0 | X7: 0 | Y7: 0 | Z7: 0 | AA7: 0 | AB7: 0 | AC7: 0 | AD7: 0 | AE7: 0 | AF7: 0 | AG7: 0 | AH7: 0 | AI7: 0 | AJ7: 0 | AK7: 0 | AL7: 0 | AM7: 0 | AN7: 0 | AO7: 0 | AP7: 0
A8: =B8&"-"&C8&"-"&D8&"-"&E8&"-"&F8&"-"&G8 -> 65536-1-65536-fp16-fp16-fp16 | B8: 65536 | C8: 1 | D8: 65536 | E8: fp16 | F8: fp16 | G8: fp16 | H8: 166 | I8: 166 | J8: 166 | K8: 166 | L8: 166 | M8: 166 | N8: 166 | O8: 166 | P8: 166 | Q8: 166 | R8: 33 | S8: 33 | T8: 33 | U8: 33 | V8: 33 | W8: 116.58333 | X8: 117 | Y8: 116 | Z8: 116.95 | AA8: 116.995 | AB8: 116.58333 | AC8: 117 | AD8: 116 | AE8: 116.95 | AF8: 116.995 | AG8: 1488 | AH8: 1488 | AI8: 1488 | AJ8: 1488 | AK8: 1488 | AL8: 1488 | AM8: 1488 | AN8: 1488 | AO8: 1488 | AP8: 1488
A9: =B9&"-"&C9&"-"&D9&"-"&E9&"-"&F9&"-"&G9 -> 4096-1-4096-fp16-fp16-fp16 | B9: 4096 | C9: 1 | D9: 4096 | E9: fp16 | F9: fp16 | G9: fp16 | H9: 0 | I9: 0 | J9: 0 | K9: 0 | L9: 0 | M9: 0 | N9: 0 | O9: 0 | P9: 0 | Q9: 0 | R9: 0 | S9: 0 | T9: 0 | U9: 0 | V9: 0 | W9: 0 | X9: 0 | Y9: 0 | Z9: 0 | AA9: 0 | AB9: 0 | AC9: 0 | AD9: 0 | AE9: 0 | AF9: 0 | AG9: 0 | AH9: 0 | AI9: 0 | AJ9: 0 | AK9: 0 | AL9: 0 | AM9: 0 | AN9: 0 | AO9: 0 | AP9: 0
A10: =B10&"-"&C10&"-"&D10&"-"&E10&"-"&F10&"-"&G10 -> 32768-1-32768-fp16-fp16-fp32 | B10: 32768 | C10: 1 | D10: 32768 | E10: fp16 | F10: fp16 | G10: fp32 | H10: 629.61111 | I10: 634 | J10: 625 | K10: 632 | L10: 633.65 | M10: 629.61111 | N10: 634 | O10: 625 | P10: 632 | Q10: 633.65 | R10: 44.611111 | S10: 47 | T10: 37 | U10: 46 | V10: 47 | W10: 1384 | X10: 1398 | Y10: 1370 | Z10: 1397 | AA10: 1397.93 | AB10: 1384 | AC10: 1398 | AD10: 1370 | AE10: 1397 | AF10: 1397.93 | AG10: 1500 | AH10: 1500 | AI10: 1500 | AJ10: 1500 | AK10: 1500 | AL10: 1500 | AM10: 1500 | AN10: 1500 | AO10: 1500 | AP10: 1500
A11: =B11&"-"&C11&"-"&D11&"-"&E11&"-"&F11&"-"&G11 -> 32768-1-32768-bf16-bf16-fp32 | B11: 32768 | C11: 1 | D11: 32768 | E11: bf16 | F11: bf16 | G11: fp32 | H11: 727.33333 | I11: 751 | J11: 206 | K11: 751 | L11: 751 | M11: 727.33333 | N11: 751 | O11: 206 | P11: 751 | Q11: 751 | R11: 46.666667 | S11: 50 | T11: 38 | U11: 49 | V11: 50 | W11: 1328.9844 | X11: 1390 | Y11: 466 | Z11: 1389 | AA11: 1390 | AB11: 1328.9844 | AC11: 1390 | AD11: 466 | AE11: 1389 | AF11: 1390 | AG11: 1437.2083 | AH11: 1452 | AI11: 1406 | AJ11: 1449 | AK11: 1452 | AL11: 1437.2083 | AM11: 1452 | AN11: 1406 | AO11: 1448.1 | AP11: 1451.54
A12: =B12&"-"&C12&"-"&D12&"-"&E12&"-"&F12&"-"&G12 -> 32768-1-32768-fp64-fp64-fp64 | B12: 32768 | C12: 1 | D12: 32768 | E12: fp64 | F12: fp64 | G12: fp64 | H12: 208.5 | I12: 213 | J12: 204 | K12: 212.1 | L12: 212.91 | M12: 208.5 | N12: 213 | O12: 204 | P12: 212.1 | Q12: 212.91 | R12: 33 | S12: 33 | T12: 33 | U12: 33 | V12: 33 | W12: 1381.8542 | X12: 1406 | Y12: 1356 | Z12: 1400.875 | AA12: 1405.4875 | AB12: 1381.8542 | AC12: 1406 | AD12: 1356 | AE12: 1400.875 | AF12: 1405.4875 | AG12: 1486 | AH12: 1500 | AI12: 1472 | AJ12: 1500 | AK12: 1500 | AL12: 1486 | AM12: 1500 | AN12: 1472 | AO12: 1497.2 | AP12: 1499.72
A13: =B13&"-"&C13&"-"&D13&"-"&E13&"-"&F13&"-"&G13 -> 16384-1-16384-fp16-fp32-fp32 | B13: 16384 | C13: 1 | D13: 16384 | E13: fp16 | F13: fp32 | G13: fp32 | H13: 594.05263 | I13: 612 | J13: 341 | K13: 610.2 | L13: 611.82 | M13: 594.05263 | N13: 612 | O13: 341 | P13: 610.2 | Q13: 611.82 | R13: 42.052632 | S13: 44 | T13: 33 | U13: 44 | V13: 44 | W13: 1347.9167 | X13: 1398 | Y13: 734 | Z13: 1397 | AA13: 1398 | AB13: 1347.9167 | AC13: 1398 | AD13: 734 | AE13: 1397 | AF13: 1398 | AG13: 1482.5789 | AH13: 1500 | AI13: 1169 | AJ13: 1500 | AK13: 1500 | AL13: 1482.5789 | AM13: 1500 | AN13: 1169 | AO13: 1500 | AP13: 1500
... A91: =B91&"-"&C91&"-"&D91&"-"&E91&"-"&F91&"-"&G91 -> 16384-1-16384-bf16-bf16-fp32 | B91: 16384 | C91: 1 | D91: 16384 | E91: bf16 | F91: bf16 | G91: fp32 | H91: 672.5 | I91: 680 | J91: 667 | K91: 677 | L91: 679.7 | M91: 672.5 | N91: 680 | O91: 667 | P91: 677 | Q91: 679.7 | R91: 43.875 | S91: 46 | T91: 37 | U91: 46 | V91: 46 | W91: 1372.8646 | X91: 1392 | Y91: 1352 | Z91: 1392 | AA91: 1392 | AB91: 1372.8646 | AC91: 1392 | AD91: 1352 | AE91: 1392 | AF91: 1392 | AG91: 1500 | AH91: 1500 | AI91: 1500 | AJ91: 1500 | AK91: 1500 | AL91: 1500 | AM91: 1500 | AN91: 1500 | AO91: 1500 | AP91: 1500

Sheet hipblaslt_mi325x_1000W_SM
B1: M | C1: N | D1: K | E1: MUL | F1: ACC | G1: SCALE | H1: all_gpu_power_avg | I1: all_gpu_power_max | J1: all_gpu_power_min | K1: all_gpu_power_90th | L1: all_gpu_power_99th | M1: gpu0_power_avg | N1: gpu0_power_max | O1: gpu0_power_min | P1: gpu0_power_90th | Q1: gpu0_power_99th | R1: gpu0_temp_avg | S1: gpu0_temp_max | T1: gpu0_temp_min | U1: gpu0_temp_90th | V1: gpu0_temp_99th | W1: all_gpu_sclk_avg | X1: all_gpu_sclk_max | Y1: all_gpu_sclk_min | Z1: all_gpu_sclk_90th | AA1: all_gpu_sclk_99th | AB1: gpu0_sclk_avg | AC1: gpu0_sclk_max | AD1: gpu0_sclk_min | AE1: gpu0_sclk_90th | AF1: gpu0_sclk_99th | AG1: all_gpu_mclk_avg | AH1: all_gpu_mclk_max | AI1: all_gpu_mclk_min | AJ1: all_gpu_mclk_90th | AK1: all_gpu_mclk_99th | AL1: gpu0_mclk_avg | AM1: gpu0_mclk_max | AN1: gpu0_mclk_min | AO1: gpu0_mclk_90th | AP1: gpu0_mclk_99th
A2: =B2&"-"&C2&"-"&D2&"-"&E2&"-"&F2&"-"&G2 -> 96804-1-96804-fp16-fp16-fp32 | B2: 96804 | C2: 1 | D2: 96804 | E2: fp16 | F2: fp16 | G2: fp32 | H2: 954.31304 | I2: 964 | J2: 933 | K2: 962 | L2: 964 | M2: 954.31304 | N2: 964 | O2: 933 | P2: 962 | Q2: 964 | R2: 68.373913 | S2: 72 | T2: 51 | U2: 72 | V2: 72 | W2: 2070.4399 | X2: 2083 | Y2: 2055 | Z2: 2081 | AA2: 2083 | AB2: 2070.4399 | AC2: 2083 | AD2: 2055 | AE2: 2081 | AF2: 2083 | AG2: 1500 | AH2: 1500 | AI2: 1500 | AJ2: 1500 | AK2: 1500 | AL2: 1500 | AM2: 1500 | AN2: 1500 | AO2: 1500 | AP2: 1500
A3: =B3&"-"&C3&"-"&D3&"-"&E3&"-"&F3&"-"&G3 -> 96804-1-96804-bf16-bf16-fp32 | B3: 96804 | C3: 1 | D3: 96804 | E3: bf16 | F3: bf16 | G3: fp32 | H3: 965.77 | I3: 983 | J3: 146 | K3: 981 | L3: 983 | M3: 965.77 | N3: 983 | O3: 146 | P3: 981 | Q3: 983 | R3: 67.42 | S3: 71 | T3: 44 | U3: 70 | V3: 71 | W3: 2045.9029 | X3: 2080 | Y3: 146 | Z3: 2076 | AA3: 2078.01 | AB3: 2045.9029 | AC3: 2080 | AD3: 146 | AE3: 2076 | AF3: 2078.01 | AG3: 1496.59 | AH3: 1500 | AI3: 1159 | AJ3: 1500 | AK3: 1500 | AL3: 1496.59 | AM3: 1500 | AN3: 1159 | AO3: 1500 | AP3: 1500
A4: =B4&"-"&C4&"-"&D4&"-"&E4&"-"&F4&"-"&G4 -> 96804-1-96804-bf16-fp32-fp32 | B4: 96804 | C4: 1 | D4: 96804 | E4: bf16 | F4: fp32 | G4: fp32 | H4: 948.92241 | I4: 966 | J4: 455 | K4: 963 | L4: 965 | M4: 948.92241 | N4: 966 | O4: 455 | P4: 963 | Q4: 965 | R4: 69.362069 | S4: 73 | T4: 44 | U4: 73 | V4: 73 | W4: 2057.5668 | X4: 2083 | Y4: 1257 | Z4: 2080.3 | AA4: 2083 | AB4: 2057.5668 | AC4: 2083 | AD4: 1257 | AE4: 2080.3 | AF4: 2083 | AG4: 1498.1724 | AH4: 1500 | AI4: 1288 | AJ4: 1500 | AK4: 1500 | AL4: 1498.1724 | AM4: 1500 | AN4: 1288 | AO4: 1500 | AP4: 1500
A5: =B5&"-"&C5&"-"&D5&"-"&E5&"-"&F5&"-"&G5 -> 32768-1-32768-fp16-fp16-fp16 | B5: 32768 | C5: 1 | D5: 32768 | E5: fp16 | F5: fp16 | G5: fp16 | H5: 131 | I5: 131 | J5: 131 | K5: 131 | L5: 131 | M5: 131 | N5: 131 | O5: 131 | P5: 131 | Q5: 131 | R5: 40 | S5: 40 | T5: 40 | U5: 40 | V5: 40 | W5: 191.95833 | X5: 200 | Y5: 186 | Z5: 197.975 | AA5: 199.7975 | AB5: 191.95833 | AC5: 200 | AD5: 186 | AE5: 197.975 | AF5: 199.7975 | AG5: 1027 | AH5: 1027 | AI5: 1027 | AJ5: 1027 | AK5: 1027 | AL5: 1027 | AM5: 1027 | AN5: 1027 | AO5: 1027 | AP5: 1027
A6: =B6&"-"&C6&"-"&D6&"-"&E6&"-"&F6&"-"&G6 -> 96804-1-96804-bf8-fp32-fp32 | B6: 96804 | C6: 1 | D6: 96804 | E6: bf8 | F6: fp32 | G6: fp32 | H6: 768.48941 | I6: 792 | J6: 717 | K6: 782 | L6: 789 | M6: 768.48941 | N6: 792 | O6: 717 | P6: 782 | Q6: 789 | R6: 72.755294 | S6: 77 | T6: 47 | U6: 77 | V6: 77 | W6: 2017.0266 | X6: 2052 | Y6: 1973 | Z6: 2033 | AA6: 2045 | AB6: 2017.0266 | AC6: 2052 | AD6: 1973 | AE6: 2033 | AF6: 2045 | AG6: 1499.8165 | AH6: 1500 | AI6: 1473 | AJ6: 1500 | AK6: 1500 | AL6: 1499.8165 | AM6: 1500 | AN6: 1473 | AO6: 1500 | AP6: 1500
A7: =B7&"-"&C7&"-"&D7&"-"&E7&"-"&F7&"-"&G7 -> 4096-1-4096-fp16-fp32-fp32 | B7: 4096 | C7: 1 | D7: 4096 | E7: fp16 | F7: fp32 | G7: fp32 | H7: 350.2 | I7: 364 | J7: 224 | K7: 361.6 | L7: 363.72 | M7: 350.2 | N7: 364 | O7: 224 | P7: 361.6 | Q7: 363.72 | R7: 47.333333 | S7: 49 | T7: 43 | U7: 49 | V7: 49 | W7: 2017.65 | X7: 2094 | Y7: 1053 | Z7: 2093.6 | AA7: 2094 | AB7: 2017.65 | AC7: 2094 | AD7: 1053 | AE7: 2093.6 | AF7: 2094 | AG7: 1476.2667 | AH7: 1500 | AI7: 1147 | AJ7: 1500 | AK7: 1500 | AL7: 1476.2667 | AM7: 1500 | AN7: 1147 | AO7: 1500 | AP7: 1500
A8: =B8&"-"&C8&"-"&D8&"-"&E8&"-"&F8&"-"&G8 -> 4096-1-4096-int8-int32-int32 | B8: 4096 | C8: 1 | D8: 4096 | E8: int8 | F8: int32 | G8: int32 | H8: 280.73913 | I8: 284 | J8: 270 | K8: 282.5 | L8: 283.55 | M8: 280.73913 | N8: 284 | O8: 270 | P8: 282.5 | Q8: 283.55 | R8: 45.847826 | S8: 47 | T8: 43 | U8: 47 | V8: 47 | W8: 2092.6332 | X8: 2104 | Y8: 2038 | Z8: 2103 | AA8: 2104 | AB8: 2092.6332 | AC8: 2104 | AD8: 2038 | AE8: 2103 | AF8: 2104 | AG8: 1498.9348 | AH8: 1500 | AI8: 1464 | AJ8: 1500 | AK8: 1500 | AL8: 1498.9348 | AM8: 1500 | AN8: 1464 | AO8: 1500 | AP8: 1500
A9: =B9&"-"&C9&"-"&D9&"-"&E9&"-"&F9&"-"&G9 -> 8192-1-8192-bf8-fp32-fp32 | B9: 8192 | C9: 1 | D9: 8192 | E9: bf8 | F9: fp32 | G9: fp32 | H9: 514.65957 | I9: 525 | J9: 479 | K9: 521 | L9: 524.08 | M9: 514.65957 | N9: 525 | O9: 479 | P9: 521 | Q9: 524.08 | R9: 57.574468 | S9: 61 | T9: 45 | U9: 60 | V9: 61 | W9: 2078.9539 | X9: 2088 | Y9: 2026 | Z9: 2087 | AA9: 2088 | AB9: 2078.9539 | AC9: 2088 | AD9: 2026 | AE9: 2087 | AF9: 2088 | AG9: 1499.1702 | AH9: 1500 | AI9: 1470 | AJ9: 1500 | AK9: 1500 | AL9: 1499.1702 | AM9: 1500 | AN9: 1470 | AO9: 1500 | AP9: 1500
A10: =B10&"-"&C10&"-"&D10&"-"&E10&"-"&F10&"-"&G10 -> 16384-1-16384-bf8-bf8-fp32 | B10: 16384 | C10: 1 | D10: 16384 | E10: bf8 | F10: bf8 | G10: fp32 | H10: 557.46341 | I10: 573 | J10: 212 | K10: 572 | L10: 573 | M10: 557.46341 | N10: 573 | O10: 212 | P10: 572 | Q10: 573 | R10: 57.414634 | S10: 61 | T10: 42 | U10: 61 | V10: 61 | W10: 2032.2053 | X10: 2085 | Y10: 509 | Z10: 2084 | AA10: 2085 | AB10: 2032.2053 | AC10: 2085 | AD10: 509 | AE10: 2084 | AF10: 2085 | AG10: 1493.122 | AH10: 1500 | AI10: 1254 | AJ10: 1500 | AK10: 1500 | AL10: 1493.122 | AM10: 1500 | AN10: 1254 | AO10: 1500 | AP10: 1500
A11: =B11&"-"&C11&"-"&D11&"-"&E11&"-"&F11&"-"&G11 -> 32768-1-32768-fp16-fp16-fp32 | B11: 32768 | C11: 1 | D11: 32768 | E11: fp16 | F11: fp16 | G11: fp32 | H11: 816.53333 | I11: 840 | J11: 418 | K11: 838.1 | L11: 840 | M11: 816.53333 | N11: 840 | O11: 418 | P11: 838.1 | Q11: 840 | R11: 59.9 | S11: 64 | T11: 48 | U11: 64 | V11: 64 | W11: 2049.3778 | X11: 2087 | Y11: 1351 | Z11: 2087 | AA11: 2087 | AB11: 2049.3778 | AC11: 2087 | AD11: 1351 | AE11: 2087 | AF11: 2087 | AG11: 1500 | AH11: 1500 | AI11: 1500 | AJ11: 1500 | AK11: 1500 | AL11: 1500 | AM11: 1500 | AN11: 1500 | AO11: 1500 | AP11: 1500
A12: =B12&"-"&C12&"-"&D12&"-"&E12&"-"&F12&"-"&G12 -> 65536-1-65536-fp16-fp32-fp32 | B12: 65536 | C12: 1 | D12: 65536 | E12: fp16 | F12: fp32 | G12: fp32 | H12: 948.17647 | I12: 965 | J12: 364 | K12: 964 | L12: 965 | M12: 948.17647 | N12: 965 | O12: 364 | P12: 964 | Q12: 965 | R12: 67.823529 | S12: 70 | T12: 47 | U12: 70 | V12: 70 | W12: 2044.4918 | X12: 2082 | Y12: 784 | Z12: 2079 | AA12: 2082 | AB12: 2044.4918 | AC12: 2082 | AD12: 784 | AE12: 2079 | AF12: 2082 | AG12: 1491.4706 | AH12: 1500 | AI12: 1065 | AJ12: 1500 | AK12: 1500 | AL12: 1491.4706 | AM12: 1500 | AN12: 1065 | AO12: 1500 | AP12: 1500
A13: =B13&"-"&C13&"-"&D13&"-"&E13&"-"&F13&"-"&G13 -> 16384-1-16384-fp8-fp32-fp32 | B13: 16384 | C13: 1 | D13: 16384 | E13: fp8 | F13: fp32 | G13: fp32 | H13: 529.68085 | I13: 538 | J13: 480 | K13: 536 | L13: 537.54 | M13: 529.68085 | N13: 538 | O13: 480 | P13: 536 | Q13: 537.54 | R13: 56.744681 | S13: 60 | T13: 43 | U13: 59.4 | V13: 60 | W13: 2073.6543 | X13: 2088 | Y13: 1979 | Z13: 2087 | AA13: 2088 | AB13: 2073.6543 | AC13: 2088 | AD13: 1979 | AE13: 2087 | AF13: 2088 | AG13: 1498.4681 | AH13: 1500 | AI13: 1435 | AJ13: 1500 | AK13: 1500 | AL13: 1498.4681 | AM13: 1500 | AN13: 1435 | AO13: 1500 | AP13: 1500
... A91: =B91&"-"&C91&"-"&D91&"-"&E91&"-"&F91&"-"&G91 -> 8192-1-8192-fp8-fp32-fp32 | B91: 8192 | C91: 1 | D91: 8192 | E91: fp8 | F91: fp32 | G91: fp32 | H91: 508.68085 | I91: 529 | J91: 251 | K91: 525 | L91: 528.08 | M91: 508.68085 | N91: 529 | O91: 251 | P91: 525 | Q91: 528.08 | R91: 56.659574 | S91: 60 | T91: 44 | U91: 59 | V91: 60 | W91: 2050.25 | X91: 2088 | Y91: 736 | Z91: 2087 | AA91: 2088 | AB91: 2050.25 | AC91: 2088 | AD91: 736 | AE91: 2087 | AF91: 2088 | AG91: 1498.3617 | AH91: 1500 | AI91: 1458 | AJ91: 1500 | AK91: 1500 | AL91: 1498.3617 | AM91: 1500 | AN91: 1458 | AO91: 1500 | AP91: 1500

Sheet rocblas_mi300x_SM
B1: M | C1: N | D1: K | E1: MUL | F1: ACC | G1: SCALE | H1: all_gpu_power_avg | I1: all_gpu_power_max | J1: all_gpu_power_min | K1: all_gpu_power_90th | L1: all_gpu_power_99th | M1: gpu0_power_avg | N1: gpu0_power_max | O1: gpu0_power_min | P1: gpu0_power_90th | Q1: gpu0_power_99th | R1: gpu0_temp_avg | S1: gpu0_temp_max | T1: gpu0_temp_min | U1: gpu0_temp_90th | V1: gpu0_temp_99th | W1: all_gpu_sclk_avg | X1: all_gpu_sclk_max | Y1: all_gpu_sclk_min | Z1: all_gpu_sclk_90th | AA1: all_gpu_sclk_99th | AB1: gpu0_sclk_avg | AC1: gpu0_sclk_max | AD1: gpu0_sclk_min | AE1: gpu0_sclk_90th | AF1: gpu0_sclk_99th | AG1: all_gpu_mclk_avg | AH1: all_gpu_mclk_max | AI1: all_gpu_mclk_min | AJ1: all_gpu_mclk_90th | AK1: all_gpu_mclk_99th | AL1: gpu0_mclk_avg | AM1: gpu0_mclk_max | AN1: gpu0_mclk_min | AO1: gpu0_mclk_90th | AP1: gpu0_mclk_99th
A2: =B2&"-"&C2&"-"&D2&"-"&E2&"-"&F2&"-"&G2 -> 96804-1-96804-bf8-fp32-fp32 | B2: 96804 | C2: 1 | D2: 96804 | E2: bf8 | F2: fp32 | G2: fp32 | H2: 0 | I2: 0 | J2: 0 | K2: 0 | L2: 0 | M2: 0 | N2: 0 | O2: 0 | P2: 0 | Q2: 0 | R2: 0 | S2: 0 | T2: 0 | U2: 0 | V2: 0 | W2: 0 | X2: 0 | Y2: 0 | Z2: 0 | AA2: 0 | AB2: 0 | AC2: 0 | AD2: 0 | AE2: 0 | AF2: 0 | AG2: 0 | AH2: 0 | AI2: 0 | AJ2: 0 | AK2: 0 | AL2: 0 | AM2: 0 | AN2: 0 | AO2: 0 | AP2: 0
A3: =B3&"-"&C3&"-"&D3&"-"&E3&"-"&F3&"-"&G3 -> 16384-1-16384-tf32-fp32-fp32 | B3: 16384 | C3: 1 | D3: 16384 | E3: tf32 | F3: fp32 | G3: fp32 | H3: 554.58559 | I3: 562 | J3: 498 | K3: 559 | L3: 560.9 | M3: 554.58559 | N3: 562 | O3: 498 | P3: 559 | Q3: 560.9 | R3: 54.963964 | S3: 58 | T3: 42 | U3: 58 | V3: 58 | W3: 2084 | X3: 2092 | Y3: 2076 | Z3: 2091 | AA3: 2092 | AB3: 2084 | AC3: 2092 | AD3: 2076 | AE3: 2091 | AF3: 2092 | AG3: 1299.5225 | AH3: 1300 | AI3: 1247 | AJ3: 1300 | AK3: 1300 | AL3: 1299.5225 | AM3: 1300 | AN3: 1247 | AO3: 1300 | AP3: 1300
A4: =B4&"-"&C4&"-"&D4&"-"&E4&"-"&F4&"-"&G4 -> 65536-1-65536-fp32-fp32-fp32 | B4: 65536 | C4: 1 | D4: 65536 | E4: fp32 | F4: fp32 | G4: fp32 | H4: 748.1617 | I4: 752 | J4: 739 | K4: 751 | L4: 751.66 | M4: 748.1617 | N4: 752 | O4: 739 | P4: 751 | Q4: 751.66 | R4: 69.680851 | S4: 73 | T4: 45 | U4: 73 | V4: 73 | W4: 1900.7785 | X4: 1936 | Y4: 1872 | Z4: 1918 | AA4: 1923.97 | AB4: 1900.7785 | AC4: 1936 | AD4: 1872 | AE4: 1918 | AF4: 1923.97 | AG4: 1299.9872 | AH4: 1300 | AI4: 1297 | AJ4: 1300 | AK4: 1300 | AL4: 1299.9872 | AM4: 1300 | AN4: 1297 | AO4: 1300 | AP4: 1300
A5: =B5&"-"&C5&"-"&D5&"-"&E5&"-"&F5&"-"&G5 -> 65536-1-65536-fp8-fp32-fp32 | B5: 65536 | C5: 1 | D5: 65536 | E5: fp8 | F5: fp32 | G5: fp32 | H5: 0 | I5: 0 | J5: 0 | K5: 0 | L5: 0 | M5: 0 | N5: 0 | O5: 0 | P5: 0 | Q5: 0 | R5: 0 | S5: 0 | T5: 0 | U5: 0 | V5: 0 | W5: 0 | X5: 0 | Y5: 0 | Z5: 0 | AA5: 0 | AB5: 0 | AC5: 0 | AD5: 0 | AE5: 0 | AF5: 0 | AG5: 0 | AH5: 0 | AI5: 0 | AJ5: 0 | AK5: 0 | AL5: 0 | AM5: 0 | AN5: 0 | AO5: 0 | AP5: 0
A6: =B6&"-"&C6&"-"&D6&"-"&E6&"-"&F6&"-"&G6 -> 16384-1-16384-bf8-fp32-fp32 | B6: 16384 | C6: 1 | D6: 16384 | E6: bf8 | F6: fp32 | G6: fp32 | H6: 0 | I6: 0 | J6: 0 | K6: 0 | L6: 0 | M6: 0 | N6: 0 | O6: 0 | P6: 0 | Q6: 0 | R6: 0 | S6: 0 | T6: 0 | U6: 0 | V6: 0 | W6: 0 | X6: 0 | Y6: 0 | Z6: 0 | AA6: 0 | AB6: 0 | AC6: 0 | AD6: 0 | AE6: 0 | AF6: 0 | AG6: 0 | AH6: 0 | AI6: 0 | AJ6: 0 | AK6: 0 | AL6: 0 | AM6: 0 | AN6: 0 | AO6: 0 | AP6: 0
A7: =B7&"-"&C7&"-"&D7&"-"&E7&"-"&F7&"-"&G7 -> 4096-1-4096-bf16-bf16-fp32 | B7: 4096 | C7: 1 | D7: 4096 | E7: bf16 | F7: bf16 | G7: fp32 | H7: 290.52174 | I7: 298 | J7: 171 | K7: 297 | L7: 297.78 | M7: 290.52174 | N7: 298 | O7: 171 | P7: 297 | Q7: 297.78 | R7: 38.652174 | S7: 40 | T7: 37 | U7: 39.8 | V7: 40 | W7: 2024.6178 | X7: 2102 | Y7: 456 | Z7: 2102 | AA7: 2102 | AB7: 2024.6178 | AC7: 2102 | AD7: 456 | AE7: 2102 | AF7: 2102 | AG7: 1291.3478 | AH7: 1300 | AI7: 1101 | AJ7: 1300 | AK7: 1300 | AL7: 1291.3478 | AM7: 1300 | AN7: 1101 | AO7: 1300 | AP7: 1300
A8: =B8&"-"&C8&"-"&D8&"-"&E8&"-"&F8&"-"&G8 -> 8192-1-8192-fp32-fp32-fp32 | B8: 8192 | C8: 1 | D8: 8192 | E8: fp32 | F8: fp32 | G8: fp32 | H8: 355.16228 | I8: 360 | J8: 342 | K8: 359 | L8: 360 | M8: 355.16228 | N8: 360 | O8: 342 | P8: 359 | Q8: 360 | R8: 46.434211 | S8: 50 | T8: 40 | U8: 50 | V8: 50 | W8: 2091.8397 | X8: 2100 | Y8: 2085 | Z8: 2099 | AA8: 2100 | AB8: 2091.8397 | AC8: 2100 | AD8: 2085 | AE8: 2099 | AF8: 2100 | AG8: 1299.9254 | AH8: 1300 | AI8: 1283 | AJ8: 1300 | AK8: 1300 | AL8: 1299.9254 | AM8: 1300 | AN8: 1283 | AO8: 1300 | AP8: 1300
A9: =B9&"-"&C9&"-"&D9&"-"&E9&"-"&F9&"-"&G9 -> 8192-1-8192-bf16-bf16-fp32 | B9: 8192 | C9: 1 | D9: 8192 | E9: bf16 | F9: bf16 | G9: fp32 | H9: 312.32759 | I9: 315 | J9: 289 | K9: 314 | L9: 314.85 | M9: 312.32759 | N9: 315 | O9: 289 | P9: 314 | Q9: 314.85 | R9: 41.37931 | S9: 43 | T9: 38 | U9: 43 | V9: 43 | W9: 2094.7547 | X9: 2103 | Y9: 2086 | Z9: 2102 | AA9: 2102 | AB9: 2094.7547 | AC9: 2103 | AD9: 2086 | AE9: 2102 | AF9: 2102 | AG9: 1299.5086 | AH9: 1300 | AI9: 1243 | AJ9: 1300 | AK9: 1300 | AL9: 1299.5086 | AM9: 1300 | AN9: 1243 | AO9: 1300 | AP9: 1300
A10: =B10&"-"&C10&"-"&D10&"-"&E10&"-"&F10&"-"&G10 -> 16384-1-16384-fp16-fp16-fp32 | B10: 16384 | C10: 1 | D10: 16384 | E10: fp16 | F10: fp16 | G10: fp32 | H10: 517.72131 | I10: 526 | J10: 351 | K10: 524 | L10: 526 | M10: 517.72131 | N10: 526 | O10: 351 | P10: 524 | Q10: 526 | R10: 51.852459 | S10: 56 | T10: 37 | U10: 55 | V10: 56 | W10: 2087.3818 | X10: 2095 | Y10: 2079 | Z10: 2095 | AA10: 2095 | AB10: 2087.3818 | AC10: 2095 | AD10: 2079 | AE10: 2095 | AF10: 2095 | AG10: 1296.8852 | AH10: 1300 | AI10: 1110 | AJ10: 1300 | AK10: 1300 | AL10: 1296.8852 | AM10: 1300 | AN10: 1110 | AO10: 1300 | AP10: 1300
A11: =B11&"-"&C11&"-"&D11&"-"&E11&"-"&F11&"-"&G11 -> 4096-1-4096-bf16-fp32-fp32 | B11: 4096 | C11: 1 | D11: 4096 | E11: bf16 | F11: fp32 | G11: fp32 | H11: 268.74359 | I11: 272 | J11: 251 | K11: 271 | L11: 271.23 | M11: 268.74359 | N11: 272 | O11: 251 | P11: 271 | Q11: 271.23 | R11: 43.192308 | S11: 45 | T11: 38 | U11: 45 | V11: 45 | W11: 2097.8974 | X11: 2106 | Y11: 2090 | Z11: 2105 | AA11: 2106 | AB11: 2097.8974 | AC11: 2106 | AD11: 2090 | AE11: 2105 | AF11: 2106 | AG11: 1299.3205 | AH11: 1300 | AI11: 1247 | AJ11: 1300 | AK11: 1300 | AL11: 1299.3205 | AM11: 1300 | AN11: 1247 | AO11: 1300 | AP11: 1300
A12: =B12&"-"&C12&"-"&D12&"-"&E12&"-"&F12&"-"&G12 -> 4096-1-4096-fp16-fp16-fp32 | B12: 4096 | C12: 1 | D12: 4096 | E12: fp16 | F12: fp16 | G12: fp32 | H12: 297.43478 | I12: 300 | J12: 292 | K12: 299 | L12: 299.78 | M12: 297.43478 | N12: 300 | O12: 292 | P12: 299 | Q12: 299.78 | R12: 40.086957 | S12: 41 | T12: 39 | U12: 40.8 | V12: 41 | W12: 2095.8877 | X12: 2103 | Y12: 2090 | Z12: 2102 | AA12: 2103 | AB12: 2095.8877 | AC12: 2103 | AD12: 2090 | AE12: 2102 | AF12: 2103 | AG12: 1299.3478 | AH12: 1300 | AI12: 1285 | AJ12: 1300 | AK12: 1300 | AL12: 1299.3478 | AM12: 1300 | AN12: 1285 | AO12: 1300 | AP12: 1300
A13: =B13&"-"&C13&"-"&D13&"-"&E13&"-"&F13&"-"&G13 -> 65536-1-65536-fp16-fp16-fp16 | B13: 65536 | C13: 1 | D13: 65536 | E13: fp16 | F13: fp16 | G13: fp16 | H13: 712.4303 | I13: 722 | J13: 201 | K13: 719 | L13: 722 | M13: 712.4303 | N13: 722 | O13: 201 | P13: 719 | Q13: 722 | R13: 71.769697 | S13: 75 | T13: 52 | U13: 75 | V13: 75 | W13: 1664.6199 | X13: 1717 | Y13: 177 | Z13: 1692 | AA13: 1702.12 | AB13: 1664.6199 | AC13: 1717 | AD13: 177 | AE13: 1692 | AF13: 1702.12 | AG13: 1299.3818 | AH13: 1300 | AI13: 1198 | AJ13: 1300 | AK13: 1300 | AL13: 1299.3818 | AM13: 1300 | AN13: 1198 | AO13: 1300 | AP13: 1300
... A67: =B67&"-"&C67&"-"&D67&"-"&E67&"-"&F67&"-"&G67 -> 8192-1-8192-fp16-fp32-fp32 | B67: 8192 | C67: 1 | D67: 8192 | E67: fp16 | F67: fp32 | G67: fp32 | H67: 322.03731 | I67: 325 | J67: 276 | K67: 324 | L67: 324.67 | M67: 322.03731 | N67: 325 | O67: 276 | P67: 324 | Q67: 324.67 | R67: 42.977612 | S67: 45 | T67: 40 | U67: 44 | V67: 45 | W67: 2093.8933 | X67: 2102 | Y67: 2084 | Z67: 2101 | AA67: 2102 | AB67: 2093.8933 | AC67: 2102 | AD67: 2084 | AE67: 2101 | AF67: 2102 | AG67: 1299.1642 | AH67: 1300 | AI67: 1188 | AJ67: 1300 | AK67: 1300 | AL67: 1299.1642 | AM67: 1300 | AN67: 1188 | AO67: 1300 | AP67: 1300

Sheet rocblas_mi325x_750W_Auto_SM
B1: M | C1: N | D1: K | E1: MUL | F1: ACC | G1: SCALE | H1: all_gpu_power_avg | I1: all_gpu_power_max | J1: all_gpu_power_min | K1: all_gpu_power_90th | L1: all_gpu_power_99th | M1: gpu0_power_avg | N1: gpu0_power_max | O1: gpu0_power_min | P1: gpu0_power_90th | Q1: gpu0_power_99th | R1: gpu0_temp_avg | S1: gpu0_temp_max | T1: gpu0_temp_min | U1: gpu0_temp_90th | V1: gpu0_temp_99th | W1: all_gpu_sclk_avg | X1: all_gpu_sclk_max | Y1: all_gpu_sclk_min | Z1: all_gpu_sclk_90th | AA1: all_gpu_sclk_99th | AB1: gpu0_sclk_avg | AC1: gpu0_sclk_max | AD1: gpu0_sclk_min | AE1: gpu0_sclk_90th | AF1: gpu0_sclk_99th | AG1: all_gpu_mclk_avg | AH1: all_gpu_mclk_max | AI1: all_gpu_mclk_min | AJ1: all_gpu_mclk_90th | AK1: all_gpu_mclk_99th | AL1: gpu0_mclk_avg | AM1: gpu0_mclk_max | AN1: gpu0_mclk_min | AO1: gpu0_mclk_90th | AP1: gpu0_mclk_99th
A2: =B2&"-"&C2&"-"&D2&"-"&E2&"-"&F2&"-"&G2 -> 8192-1-8192-fp64-fp64-fp64 | B2: 8192 | C2: 1 | D2: 8192 | E2: fp64 | F2: fp64 | G2: fp64 | H2: 689.67568 | I2: 703 | J2: 620 | K2: 700 | L2: 702.27 | M2: 689.67568 | N2: 703 | O2: 620 | P2: 700 | Q2: 702.27 | R2: 59.648649 | S2: 64 | T2: 42 | U2: 64 | V2: 64 | W2: 2075.3919 | X2: 2089 | Y2: 2046 | Z2: 2086 | AA2: 2088 | AB2: 2075.3919 | AC2: 2089 | AD2: 2046 | AE2: 2086 | AF2: 2088 | AG2: 1499.2973 | AH2: 1500 | AI2: 1448 | AJ2: 1500 | AK2: 1500 | AL2: 1499.2973 | AM2: 1500 | AN2: 1448 | AO2: 1500 | AP2: 1500
A3: =B3&"-"&C3&"-"&D3&"-"&E3&"-"&F3&"-"&G3 -> 16384-1-16384-bf8-fp32-fp32 | B3: 16384 | C3: 1 | D3: 16384 | E3: bf8 | F3: fp32 | G3: fp32 | H3: 0 | I3: 0 | J3: 0 | K3: 0 | L3: 0 | M3: 0 | N3: 0 | O3: 0 | P3: 0 | Q3: 0 | R3: 0 | S3: 0 | T3: 0 | U3: 0 | V3: 0 | W3: 0 | X3: 0 | Y3: 0 | Z3: 0 | AA3: 0 | AB3: 0 | AC3: 0 | AD3: 0 | AE3: 0 | AF3: 0 | AG3: 0 | AH3: 0 | AI3: 0 | AJ3: 0 | AK3: 0 | AL3: 0 | AM3: 0 | AN3: 0 | AO3: 0 | AP3: 0
A4: =B4&"-"&C4&"-"&D4&"-"&E4&"-"&F4&"-"&G4 -> 65536-1-65536-bf16-bf16-fp32 | B4: 65536 | C4: 1 | D4: 65536 | E4: bf16 | F4: bf16 | G4: fp32 | H4: 743.8764 | I4: 751 | J4: 221 | K4: 750 | L4: 750.12 | M4: 743.8764 | N4: 751 | O4: 221 | P4: 750 | Q4: 750.12 | R4: 62.101124 | S4: 65 | T4: 47 | U4: 64 | V4: 65 | W4: 1499.449 | X4: 1575 | Y4: 208 | Z4: 1545.4 | AA4: 1563.34 | AB4: 1499.449 | AC4: 1575 | AD4: 208 | AE4: 1545.4 | AF4: 1563.34 | AG4: 1302.0899 | AH4: 1493 | AI4: 1293 | AJ4: 1300 | AK4: 1365.62 | AL4: 1302.0899 | AM4: 1493 | AN4: 1293 | AO4: 1300 | AP4: 1323.16
A5: =B5&"-"&C5&"-"&D5&"-"&E5&"-"&F5&"-"&G5 -> 65536-1-65536-bf16-fp32-fp32 | B5: 65536 | C5: 1 | D5: 65536 | E5: bf16 | F5: fp32 | G5: fp32 | H5: 749.87013 | I5: 751 | J5: 740 | K5: 750 | L5: 750.24 | M5: 749.87013 | N5: 751 | O5: 740 | P5: 750 | Q5: 750.24 | R5: 62.38961 | S5: 67 | T5: 47 | U5: 66 | V5: 67 | W5: 1600.1526 | X5: 1661 | Y5: 1546 | Z5: 1632 | AA5: 1646 | AB5: 1600.1526 | AC5: 1661 | AD5: 1546 | AE5: 1632 | AF5: 1646 | AG5: 1299.9221 | AH5: 1300 | AI5: 1294 | AJ5: 1300 | AK5: 1300 | AL5: 1299.9221 | AM5: 1300 | AN5: 1294 | AO5: 1300 | AP5: 1300
A6: =B6&"-"&C6&"-"&D6&"-"&E6&"-"&F6&"-"&G6 -> 16384-1-16384-fp64-fp64-fp64 | B6: 16384 | C6: 1 | D6: 16384 | E6: fp64 | F6: fp64 | G6: fp64 | H6: 740.14 | I6: 752 | J6: 313 | K6: 751 | L6: 751.51 | M6: 740.14 | N6: 752 | O6: 313 | P6: 751 | Q6: 751.51 | R6: 57.1 | S6: 59 | T6: 43 | U6: 59 | V6: 59 | W6: 1675.8025 | X6: 1721 | Y6: 662 | Z6: 1713 | AA6: 1717 | AB6: 1675.8025 | AC6: 1721 | AD6: 662 | AE6: 1713 | AF6: 1717 | AG6: 1395.34 | AH6: 1478 | AI6: 1378 | AJ6: 1412.1 | AK6: 1478 | AL6: 1395.34 | AM6: 1478 | AN6: 1378 | AO6: 1412.1 | AP6: 1452.03
A7: =B7&"-"&C7&"-"&D7&"-"&E7&"-"&F7&"-"&G7 -> 8192-1-8192-fp16-fp32-fp32 | B7: 8192 | C7: 1 | D7: 8192 | E7: fp16 | F7: fp32 | G7: fp32 | H7: 339.77305 | I7: 343 | J7: 332 | K7: 342 | L7: 342 | M7: 339.77305 | N7: 343 | O7: 332 | P7: 342 | Q7: 342 | R7: 50.510638 | S7: 52 | T7: 44 | U7: 52 | V7: 52 | W7: 2085.8895 | X7: 2096 | Y7: 2073 | Z7: 2095 | AA7: 2096 | AB7: 2085.8895 | AC7: 2096 | AD7: 2073 | AE7: 2095 | AF7: 2096 | AG7: 1499.9574 | AH7: 1500 | AI7: 1494 | AJ7: 1500 | AK7: 1500 | AL7: 1499.9574 | AM7: 1500 | AN7: 1494 | AO7: 1500 | AP7: 1500
A8: =B8&"-"&C8&"-"&D8&"-"&E8&"-"&F8&"-"&G8 -> 65536-1-65536-fp16-fp16-fp16 | B8: 65536 | C8: 1 | D8: 65536 | E8: fp16 | F8: fp16 | G8: fp16 | H8: 678.2514 | I8: 690 | J8: 225 | K8: 687 | L8: 689 | M8: 678.2514 | N8: 690 | O8: 225 | P8: 687 | Q8: 689 | R8: 66.067039 | S8: 72 | T8: 45 | U8: 71 | V8: 72 | W8: 1667.8734 | X8: 1718 | Y8: 195 | Z8: 1704 | AA8: 1713 | AB8: 1667.8734 | AC8: 1718 | AD8: 195 | AE8: 1704 | AF8: 1713 | AG8: 1360.4302 | AH8: 1496 | AI8: 1350 | AJ8: 1364 | AK8: 1368 | AL8: 1360.4302 | AM8: 1496 | AN8: 1350 | AO8: 1364 | AP8: 1368
A9: =B9&"-"&C9&"-"&D9&"-"&E9&"-"&F9&"-"&G9 -> 96804-1-96804-fp32-fp32-fp32 | B9: 96804 | C9: 1 | D9: 96804 | E9: fp32 | F9: fp32 | G9: fp32 | H9: 727.35811 | I9: 737 | J9: 228 | K9: 733 | L9: 735 | M9: 727.35811 | N9: 737 | O9: 228 | P9: 733 | Q9: 735 | R9: 72.076014 | S9: 76 | T9: 48 | U9: 75 | V9: 76 | W9: 1811.7464 | X9: 1849 | Y9: 131 | Z9: 1834 | AA9: 1845 | AB9: 1811.7464 | AC9: 1849 | AD9: 131 | AE9: 1834 | AF9: 1845 | AG9: 1467.9949 | AH9: 1500 | AI9: 1383 | AJ9: 1500 | AK9: 1500 | AL9: 1467.9949 | AM9: 1500 | AN9: 1383 | AO9: 1500 | AP9: 1500
A10: =B10&"-"&C10&"-"&D10&"-"&E10&"-"&F10&"-"&G10 -> 96804-1-96804-fp8-fp32-fp32 | B10: 96804 | C10: 1 | D10: 96804 | E10: fp8 | F10: fp32 | G10: fp32 | H10: 0 | I10: 0 | J10: 0 | K10: 0 | L10: 0 | M10: 0 | N10: 0 | O10: 0 | P10: 0 | Q10: 0 | R10: 0 | S10: 0 | T10: 0 | U10: 0 | V10: 0 | W10: 0 | X10: 0 | Y10: 0 | Z10: 0 | AA10: 0 | AB10: 0 | AC10: 0 | AD10: 0 | AE10: 0 | AF10: 0 | AG10: 0 | AH10: 0 | AI10: 0 | AJ10: 0 | AK10: 0 | AL10: 0 | AM10: 0 | AN10: 0 | AO10: 0 | AP10: 0
A11: =B11&"-"&C11&"-"&D11&"-"&E11&"-"&F11&"-"&G11 -> 32768-1-32768-fp32-fp32-fp32 | B11: 32768 | C11: 1 | D11: 32768 | E11: fp32 | F11: fp32 | G11: fp32 | H11: 745.55118 | I11: 751 | J11: 196 | K11: 750 | L11: 750.74 | M11: 745.55118 | N11: 751 | O11: 196 | P11: 750 | Q11: 750.74 | R11: 64.393701 | S11: 70 | T11: 46 | U11: 69 | V11: 70 | W11: 1901.1135 | X11: 1966 | Y11: 242 | Z11: 1945 | AA11: 1958.8 | AB11: 1901.1135 | AC11: 1966 | AD11: 242 | AE11: 1945 | AF11: 1958.8 | AG11: 1497.3228 | AH11: 1500 | AI11: 1174 | AJ11: 1500 | AK11: 1500 | AL11: 1497.3228 | AM11: 1500 | AN11: 1174 | AO11: 1500 | AP11: 1500
A12: =B12&"-"&C12&"-"&D12&"-"&E12&"-"&F12&"-"&G12 -> 4096-1-4096-fp16-fp16-fp32 | B12: 4096 | C12: 1 | D12: 4096 | E12: fp16 | F12: fp16 | G12: fp32 | H12: 316.69565 | I12: 326 | J12: 160 | K12: 326 | L12: 326 | M12: 316.69565 | N12: 326 | O12: 160 | P12: 326 | Q12: 326 | R12: 46 | S12: 47 | T12: 43 | U12: 47 | V12: 47 | W12: 2014.5833 | X12: 2097 | Y12: 379 | Z12: 2096.2 | AA12: 2097 | AB12: 2014.5833 | AC12: 2097 | AD12: 379 | AE12: 2096.2 | AF12: 2097 | AG12: 1483.5652 | AH12: 1500 | AI12: 1128 | AJ12: 1500 | AK12: 1500 | AL12: 1483.5652 | AM12: 1500 | AN12: 1128 | AO12: 1500 | AP12: 1500
A13: =B13&"-"&C13&"-"&D13&"-"&E13&"-"&F13&"-"&G13 -> 8192-1-8192-fp16-fp16-fp16 | B13: 8192 | C13: 1 | D13: 8192 | E13: fp16 | F13: fp16 | G13: fp16 | H13: 339.61957 | I13: 343 | J13: 204 | K13: 342 | L13: 343 | M13: 339.61957 | N13: 343 | O13: 204 | P13: 342 | Q13: 343 | R13: 50.168478 | S13: 51 | T13: 44 | U13: 51 | V13: 51 | W13: 2077.9943 | X13: 2096 | Y13: 644 | Z13: 2095 | AA13: 2096 | AB13: 2077.9943 | AC13: 2096 | AD13: 644 | AE13: 2095 | AF13: 2096 | AG13: 1499.288 | AH13: 1500 | AI13: 1379 | AJ13: 1500 | AK13: 1500 | AL13: 1499.288 | AM13: 1500 | AN13: 1379 | AO13: 1500 | AP13: 1500
... A67: =B67&"-"&C67&"-"&D67&"-"&E67&"-"&F67&"-"&G67 -> 4096-1-4096-fp16-fp32-fp32 | B67: 4096 | C67: 1 | D67: 4096 | E67: fp16 | F67: fp32 | G67: fp32 | H67: 276 | I67: 280 | J67: 217 | K67: 278 | L67: 279.2 | M67: 276 | N67: 280 | O67: 217 | P67: 278 | Q67: 279.2 | R67: 46.419753 | S67: 48 | T67: 42 | U67: 48 | V67: 48 | W67: 2081.7109 | X67: 2105 | Y67: 1019 | Z67: 2104 | AA67: 2105 | AB67: 2081.7109 | AC67: 2105 | AD67: 1019 | AE67: 2104 | AF67: 2105 | AG67: 1499.9383 | AH67: 1500 | AI67: 1495 | AJ67: 1500 | AK67: 1500 | AL67: 1499.9383 | AM67: 1500 | AN67: 1495 | AO67: 1500 | AP67: 1500

Sheet rocblas_mi325x_750W_Manual_SM
B1: M | C1: N | D1: K | E1: MUL | F1: ACC | G1: SCALE | H1: all_gpu_power_avg | I1: all_gpu_power_max | J1: all_gpu_power_min | K1: all_gpu_power_90th | L1: all_gpu_power_99th | M1: gpu0_power_avg | N1: gpu0_power_max | O1: gpu0_power_min | P1: gpu0_power_90th | Q1: gpu0_power_99th | R1: gpu0_temp_avg | S1: gpu0_temp_max | T1: gpu0_temp_min | U1: gpu0_temp_90th | V1: gpu0_temp_99th | W1: all_gpu_sclk_avg | X1: all_gpu_sclk_max | Y1: all_gpu_sclk_min | Z1: all_gpu_sclk_90th | AA1: all_gpu_sclk_99th | AB1: gpu0_sclk_avg | AC1: gpu0_sclk_max | AD1: gpu0_sclk_min | AE1: gpu0_sclk_90th | AF1: gpu0_sclk_99th | AG1: all_gpu_mclk_avg | AH1: all_gpu_mclk_max | AI1: all_gpu_mclk_min | AJ1: all_gpu_mclk_90th | AK1: all_gpu_mclk_99th | AL1: gpu0_mclk_avg | AM1: gpu0_mclk_max | AN1: gpu0_mclk_min | AO1: gpu0_mclk_90th | AP1: gpu0_mclk_99th
A2: =B2&"-"&C2&"-"&D2&"-"&E2&"-"&F2&"-"&G2 -> 65536-1-65536-bf16-fp32-fp32 | B2: 65536 | C2: 1 | D2: 65536 | E2: bf16 | F2: fp32 | G2: fp32 | H2: 686.75862 | I2: 691 | J2: 669 | K2: 689 | L2: 690.14 | M2: 686.75862 | N2: 691 | O2: 669 | P2: 689 | Q2: 690.14 | R2: 48.816092 | S2: 51 | T2: 34 | U2: 50 | V2: 51 | W2: 1361.3654 | X2: 1384 | Y2: 1333 | Z2: 1382 | AA2: 1383 | AB2: 1361.3654 | AC2: 1384 | AD2: 1333 | AE2: 1382 | AF2: 1383 | AG2: 1499.8966 | AH2: 1500 | AI2: 1491 | AJ2: 1500 | AK2: 1500 | AL2: 1499.8966 | AM2: 1500 | AN2: 1491 | AO2: 1500 | AP2: 1500
A3: =B3&"-"&C3&"-"&D3&"-"&E3&"-"&F3&"-"&G3 -> 32768-1-32768-fp16-fp32-fp32 | B3: 32768 | C3: 1 | D3: 32768 | E3: fp16 | F3: fp32 | G3: fp32 | H3: 471.88506 | I3: 475 | J3: 465 | K3: 473 | L3: 474.14 | M3: 471.88506 | N3: 475 | O3: 465 | P3: 473 | Q3: 474.14 | R3: 41.494253 | S3: 42 | T3: 33 | U3: 42 | V3: 42 | W3: 1379.6681 | X3: 1396 | Y3: 1360 | Z3: 1395 | AA3: 1396 | AB3: 1379.6681 | AC3: 1396 | AD3: 1360 | AE3: 1395 | AF3: 1396 | AG3: 1499.931 | AH3: 1500 | AI3: 1494 | AJ3: 1500 | AK3: 1500 | AL3: 1499.931 | AM3: 1500 | AN3: 1494 | AO3: 1500 | AP3: 1500
A4: =B4&"-"&C4&"-"&D4&"-"&E4&"-"&F4&"-"&G4 -> 96804-1-96804-fp16-fp16-fp16 | B4: 96804 | C4: 1 | D4: 96804 | E4: fp16 | F4: fp16 | G4: fp16 | H4: 572.67217 | I4: 577 | J4: 260 | K4: 576 | L4: 577 | M4: 572.67217 | N4: 577 | O4: 260 | P4: 576 | Q4: 577 | R4: 46.518868 | S4: 47 | T4: 34 | U4: 47 | V4: 47 | W4: 1353.3658 | X4: 1381 | Y4: 451 | Z4: 1378 | AA4: 1380 | AB4: 1353.3658 | AC4: 1381 | AD4: 451 | AE4: 1378 | AF4: 1380 | AG4: 1499.9788 | AH4: 1500 | AI4: 1491 | AJ4: 1500 | AK4: 1500 | AL4: 1499.9788 | AM4: 1500 | AN4: 1491 | AO4: 1500 | AP4: 1500
A5: =B5&"-"&C5&"-"&D5&"-"&E5&"-"&F5&"-"&G5 -> 32768-1-32768-fp16-fp16-fp32 | B5: 32768 | C5: 1 | D5: 32768 | E5: fp16 | F5: fp16 | G5: fp32 | H5: 490.21875 | I5: 493 | J5: 479 | K5: 492 | L5: 492.05 | M5: 490.21875 | N5: 493 | O5: 479 | P5: 492 | Q5: 492.05 | R5: 42.166667 | S5: 43 | T5: 33 | U5: 43 | V5: 43 | W5: 1374.5191 | X5: 1391 | Y5: 1355 | Z5: 1391 | AA5: 1391 | AB5: 1374.5191 | AC5: 1391 | AD5: 1355 | AE5: 1391 | AF5: 1391 | AG5: 1499.8958 | AH5: 1500 | AI5: 1490 | AJ5: 1500 | AK5: 1500 | AL5: 1499.8958 | AM5: 1500 | AN5: 1490 | AO5: 1500 | AP5: 1500
A6: =B6&"-"&C6&"-"&D6&"-"&E6&"-"&F6&"-"&G6 -> 16384-1-16384-bf16-bf16-fp32 | B6: 16384 | C6: 1 | D6: 16384 | E6: bf16 | F6: bf16 | G6: fp32 | H6: 356.42708 | I6: 361 | J6: 126 | K6: 360 | L6: 361 | M6: 356.42708 | N6: 361 | O6: 126 | P6: 360 | Q6: 361 | R6: 37.697917 | S6: 38 | T6: 33 | U6: 38 | V6: 38 | W6: 1374.9514 | X6: 1400 | Y6: 169 | Z6: 1400 | AA6: 1400 | AB6: 1374.9514 | AC6: 1400 | AD6: 169 | AE6: 1400 | AF6: 1400 | AG6: 1494.8125 | AH6: 1500 | AI6: 1011 | AJ6: 1500 | AK6: 1500 | AL6: 1494.8125 | AM6: 1500 | AN6: 1011 | AO6: 1500 | AP6: 1500
A7: =B7&"-"&C7&"-"&D7&"-"&E7&"-"&F7&"-"&G7 -> 32768-1-32768-bf8-fp32-fp32 | B7: 32768 | C7: 1 | D7: 32768 | E7: bf8 | F7: fp32 | G7: fp32 | H7: 0 | I7: 0 | J7: 0 | K7: 0 | L7: 0 | M7: 0 | N7: 0 | O7: 0 | P7: 0 | Q7: 0 | R7: 0 | S7: 0 | T7: 0 | U7: 0 | V7: 0 | W7: 0 | X7: 0 | Y7: 0 | Z7: 0 | AA7: 0 | AB7: 0 | AC7: 0 | AD7: 0 | AE7: 0 | AF7: 0 | AG7: 0 | AH7: 0 | AI7: 0 | AJ7: 0 | AK7: 0 | AL7: 0 | AM7: 0 | AN7: 0 | AO7: 0 | AP7: 0
A8: =B8&"-"&C8&"-"&D8&"-"&E8&"-"&F8&"-"&G8 -> 96804-1-96804-fp16-fp32-fp32 | B8: 96804 | C8: 1 | D8: 96804 | E8: fp16 | F8: fp32 | G8: fp32 | H8: 746.63694 | I8: 752 | J8: 246 | K8: 751 | L8: 752 | M8: 746.63694 | N8: 752 | O8: 246 | P8: 751 | Q8: 752 | R8: 51.140127 | S8: 53 | T8: 34 | U8: 52 | V8: 52 | W8: 1342.3673 | X8: 1375 | Y8: 283 | Z8: 1371 | AA8: 1375 | AB8: 1342.3673 | AC8: 1375 | AD8: 283 | AE8: 1371 | AF8: 1375 | AG8: 1358.0318 | AH8: 1484 | AI8: 1343 | AJ8: 1372 | AK8: 1404 | AL8: 1358.0318 | AM8: 1484 | AN8: 1343 | AO8: 1370.2 | AP8: 1398.96
A9: =B9&"-"&C9&"-"&D9&"-"&E9&"-"&F9&"-"&G9 -> 32768-1-32768-fp8-fp32-fp32 | B9: 32768 | C9: 1 | D9: 32768 | E9: fp8 | F9: fp32 | G9: fp32 | H9: 0 | I9: 0 | J9: 0 | K9: 0 | L9: 0 | M9: 0 | N9: 0 | O9: 0 | P9: 0 | Q9: 0 | R9: 0 | S9: 0 | T9: 0 | U9: 0 | V9: 0 | W9: 0 | X9: 0 | Y9: 0 | Z9: 0 | AA9: 0 | AB9: 0 | AC9: 0 | AD9: 0 | AE9: 0 | AF9: 0 | AG9: 0 | AH9: 0 | AI9: 0 | AJ9: 0 | AK9: 0 | AL9: 0 | AM9: 0 | AN9: 0 | AO9: 0 | AP9: 0
A10: =B10&"-"&C10&"-"&D10&"-"&E10&"-"&F10&"-"&G10 -> 16384-1-16384-fp64-fp64-fp64 | B10: 16384 | C10: 1 | D10: 16384 | E10: fp64 | F10: fp64 | G10: fp64 | H10: 737.1875 | I10: 743 | J10: 656 | K10: 742 | L10: 743 | M10: 737.1875 | N10: 743 | O10: 656 | P10: 742 | Q10: 743 | R10: 47.416667 | S10: 50 | T10: 33 | U10: 50 | V10: 50 | W10: 1379.7066 | X10: 1397 | Y10: 1348 | Z10: 1396 | AA10: 1397 | AB10: 1379.7066 | AC10: 1397 | AD10: 1348 | AE10: 1396 | AF10: 1397 | AG10: 1498.4583 | AH10: 1500 | AI10: 1426 | AJ10: 1500 | AK10: 1500 | AL10: 1498.4583 | AM10: 1500 | AN10: 1426 | AO10: 1500 | AP10: 1500
A11: =B11&"-"&C11&"-"&D11&"-"&E11&"-"&F11&"-"&G11 -> 65536-1-65536-int8-int32-int32 | B11: 65536 | C11: 1 | D11: 65536 | E11: int8 | F11: int32 | G11: int32 | H11: 622.98551 | I11: 632 | J11: 309 | K11: 630 | L11: 631.32 | M11: 622.98551 | N11: 632 | O11: 309 | P11: 630 | Q11: 631.32 | R11: 47.028986 | S11: 49 | T11: 34 | U11: 49 | V11: 49 | W11: 1337.4553 | X11: 1377 | Y11: 603 | Z11: 1375 | AA11: 1376.94 | AB11: 1337.4553 | AC11: 1377 | AD11: 603 | AE11: 1375 | AF11: 1376.94 | AG11: 1499.8406 | AH11: 1500 | AI11: 1489 | AJ11: 1500 | AK11: 1500 | AL11: 1499.8406 | AM11: 1500 | AN11: 1489 | AO11: 1500 | AP11: 1500
A12: =B12&"-"&C12&"-"&D12&"-"&E12&"-"&F12&"-"&G12 -> 16384-1-16384-bf8-fp32-fp32 | B12: 16384 | C12: 1 | D12: 16384 | E12: bf8 | F12: fp32 | G12: fp32 | H12: 0 | I12: 0 | J12: 0 | K12: 0 | L12: 0 | M12: 0 | N12: 0 | O12: 0 | P12: 0 | Q12: 0 | R12: 0 | S12: 0 | T12: 0 | U12: 0 | V12: 0 | W12: 0 | X12: 0 | Y12: 0 | Z12: 0 | AA12: 0 | AB12: 0 | AC12: 0 | AD12: 0 | AE12: 0 | AF12: 0 | AG12: 0 | AH12: 0 | AI12: 0 | AJ12: 0 | AK12: 0 | AL12: 0 | AM12: 0 | AN12: 0 | AO12: 0 | AP12: 0
A13: =B13&"-"&C13&"-"&D13&"-"&E13&"-"&F13&"-"&G13 -> 16384-1-16384-tf32-fp32-fp32 | B13: 16384 | C13: 1 | D13: 16384 | E13: tf32 | F13: fp32 | G13: fp32 | H13: 372.14689 | I13: 374 | J13: 364 | K13: 373 | L13: 374 | M13: 372.14689 | N13: 374 | O13: 364 | P13: 373 | Q13: 374 | R13: 38.423729 | S13: 39 | T13: 33 | U13: 39 | V13: 39 | W13: 1385.0749 | X13: 1400 | Y13: 1366 | Z13: 1399 | AA13: 1400 | AB13: 1385.0749 | AC13: 1400 | AD13: 1366 | AE13: 1399 | AF13: 1400 | AG13: 1499.9266 | AH13: 1500 | AI13: 1487 | AJ13: 1500 | AK13: 1500 | AL13: 1499.9266 | AM13: 1500 | AN13: 1487 | AO13: 1500 | AP13: 1500
... A67: =B67&"-"&C67&"-"&D67&"-"&E67&"-"&F67&"-"&G67 -> 16384-1-16384-fp8-fp32-fp32 | B67: 16384 | C67: 1 | D67: 16384 | E67: fp8 | F67: fp32 | G67: fp32 | H67: 0 | I67: 0 | J67: 0 | K67: 0 | L67: 0 | M67: 0 | N67: 0 | O67: 0 | P67: 0 | Q67: 0 | R67: 0 | S67: 0 | T67: 0 | U67: 0 | V67: 0 | W67: 0 | X67: 0 | Y67: 0 | Z67: 0 | AA67: 0 | AB67: 0 | AC67: 0 | AD67: 0 | AE67: 0 | AF67: 0 | AG67: 0 | AH67: 0 | AI67: 0 | AJ67: 0 | AK67: 0 | AL67: 0 | AM67: 0 | AN67: 0 | AO67: 0 | AP67: 0

Sheet rocblas_mi325x_1000W_SM
B1: M | C1: N | D1: K | E1: MUL | F1: ACC | G1: SCALE | H1: all_gpu_power_avg | I1: all_gpu_power_max | J1: all_gpu_power_min | K1: all_gpu_power_90th | L1: all_gpu_power_99th | M1: gpu0_power_avg | N1: gpu0_power_max | O1: gpu0_power_min | P1: gpu0_power_90th | Q1: gpu0_power_99th | R1: gpu0_temp_avg | S1: gpu0_temp_max | T1: gpu0_temp_min | U1: gpu0_temp_90th | V1: gpu0_temp_99th | W1: all_gpu_sclk_avg | X1: all_gpu_sclk_max | Y1: all_gpu_sclk_min | Z1: all_gpu_sclk_90th | AA1: all_gpu_sclk_99th | AB1: gpu0_sclk_avg | AC1: gpu0_sclk_max | AD1: gpu0_sclk_min | AE1: gpu0_sclk_90th | AF1: gpu0_sclk_99th | AG1: all_gpu_mclk_avg | AH1: all_gpu_mclk_max | AI1: all_gpu_mclk_min | AJ1: all_gpu_mclk_90th | AK1: all_gpu_mclk_99th | AL1: gpu0_mclk_avg | AM1: gpu0_mclk_max | AN1: gpu0_mclk_min | AO1: gpu0_mclk_90th | AP1: gpu0_mclk_99th
A2: =B2&"-"&C2&"-"&D2&"-"&E2&"-"&F2&"-"&G2 -> 8192-1-8192-tf32-fp32-fp32 | B2: 8192 | C2: 1 | D2: 8192 | E2: tf32 | F2: fp32 | G2: fp32 | H2: 345.74793 | I2: 349 | J2: 327 | K2: 348 | L2: 349 | M2: 345.74793 | N2: 349 | O2: 327 | P2: 348 | Q2: 349 | R2: 51.727273 | S2: 53 | T2: 43 | U2: 53 | V2: 53 | W2: 2083.912 | X2: 2095 | Y2: 2040 | Z2: 2094 | AA2: 2095 | AB2: 2083.912 | AC2: 2095 | AD2: 2040 | AE2: 2094 | AF2: 2095 | AG2: 1499.5331 | AH2: 1500 | AI2: 1474 | AJ2: 1500 | AK2: 1500 | AL2: 1499.5331 | AM2: 1500 | AN2: 1474 | AO2: 1500 | AP2: 1500
A3: =B3&"-"&C3&"-"&D3&"-"&E3&"-"&F3&"-"&G3 -> 65536-1-65536-int8-int32-int32 | B3: 65536 | C3: 1 | D3: 65536 | E3: int8 | F3: int32 | G3: int32 | H3: 999.16327 | I3: 1001 | J3: 974 | K3: 1000 | L3: 1000.52 | M3: 999.16327 | N3: 1001 | O3: 974 | P3: 1000 | Q3: 1000.52 | R3: 71.959184 | S3: 75 | T3: 46 | U3: 75 | V3: 75 | W3: 1963.6939 | X3: 2007 | Y3: 1930 | Z3: 1987.4 | AA3: 2005.54 | AB3: 1963.6939 | AC3: 2007 | AD3: 1930 | AE3: 1987.4 | AF3: 2005.54 | AG3: 1499.6327 | AH3: 1500 | AI3: 1482 | AJ3: 1500 | AK3: 1500 | AL3: 1499.6327 | AM3: 1500 | AN3: 1482 | AO3: 1500 | AP3: 1500
A4: =B4&"-"&C4&"-"&D4&"-"&E4&"-"&F4&"-"&G4 -> 16384-1-16384-bf8-fp32-fp32 | B4: 16384 | C4: 1 | D4: 16384 | E4: bf8 | F4: fp32 | G4: fp32 | H4: 0 | I4: 0 | J4: 0 | K4: 0 | L4: 0 | M4: 0 | N4: 0 | O4: 0 | P4: 0 | Q4: 0 | R4: 0 | S4: 0 | T4: 0 | U4: 0 | V4: 0 | W4: 0 | X4: 0 | Y4: 0 | Z4: 0 | AA4: 0 | AB4: 0 | AC4: 0 | AD4: 0 | AE4: 0 | AF4: 0 | AG4: 0 | AH4: 0 | AI4: 0 | AJ4: 0 | AK4: 0 | AL4: 0 | AM4: 0 | AN4: 0 | AO4: 0 | AP4: 0
A5: =B5&"-"&C5&"-"&D5&"-"&E5&"-"&F5&"-"&G5 -> 4096-1-4096-fp32-fp32-fp32 | B5: 4096 | C5: 1 | D5: 4096 | E5: fp32 | F5: fp32 | G5: fp32 | H5: 284.32812 | I5: 287 | J5: 212 | K5: 286 | L5: 287 | M5: 284.32812 | N5: 287 | O5: 212 | P5: 286 | Q5: 287 | R5: 47.09375 | S5: 48 | T5: 42 | U5: 48 | V5: 48 | W5: 2084.111 | X5: 2104 | Y5: 849 | Z5: 2104 | AA5: 2104 | AB5: 2084.111 | AC5: 2104 | AD5: 849 | AE5: 2104 | AF5: 2104 | AG5: 1499.5391 | AH5: 1500 | AI5: 1473 | AJ5: 1500 | AK5: 1500 | AL5: 1499.5391 | AM5: 1500 | AN5: 1473 | AO5: 1500 | AP5: 1500
A6: =B6&"-"&C6&"-"&D6&"-"&E6&"-"&F6&"-"&G6 -> 16384-1-16384-tf32-fp32-fp32 | B6: 16384 | C6: 1 | D6: 16384 | E6: tf32 | F6: fp32 | G6: fp32 | H6: 573.94958 | I6: 583 | J6: 542 | K6: 581 | L6: 583 | M6: 573.94958 | N6: 583 | O6: 542 | P6: 581 | Q6: 583 | R6: 60.680672 | S6: 65 | T6: 45 | U6: 64 | V6: 65 | W6: 2072.3687 | X6: 2087 | Y6: 2040 | Z6: 2086 | AA6: 2087 | AB6: 2072.3687 | AC6: 2087 | AD6: 2040 | AE6: 2086 | AF6: 2087 | AG6: 1499.6639 | AH6: 1500 | AI6: 1481 | AJ6: 1500 | AK6: 1500 | AL6: 1499.6639 | AM6: 1500 | AN6: 1481 | AO6: 1500 | AP6: 1500
A7: =B7&"-"&C7&"-"&D7&"-"&E7&"-"&F7&"-"&G7 -> 4096-1-4096-tf32-fp32-fp32 | B7: 4096 | C7: 1 | D7: 4096 | E7: tf32 | F7: fp32 | G7: fp32 | H7: 283.53906 | I7: 287 | J7: 224 | K7: 286 | L7: 286 | M7: 283.53906 | N7: 287 | O7: 224 | P7: 286 | Q7: 286 | R7: 46.460938 | S7: 48 | T7: 41 | U7: 48 | V7: 48 | W7: 2086.1865 | X7: 2104 | Y7: 1143 | Z7: 2103 | AA7: 2104 | AB7: 2086.1865 | AC7: 2104 | AD7: 1143 | AE7: 2103 | AF7: 2104 | AG7: 1499.5156 | AH7: 1500 | AI7: 1475 | AJ7: 1500 | AK7: 1500 | AL7: 1499.5156 | AM7: 1500 | AN7: 1475 | AO7: 1500 | AP7: 1500
A8: =B8&"-"&C8&"-"&D8&"-"&E8&"-"&F8&"-"&G8 -> 16384-1-16384-fp32-fp32-fp32 | B8: 16384 | C8: 1 | D8: 16384 | E8: fp32 | F8: fp32 | G8: fp32 | H8: 569.69748 | I8: 579 | J8: 541 | K8: 577 | L8: 578.82 | M8: 569.69748 | N8: 579 | O8: 541 | P8: 577 | Q8: 578.82 | R8: 58.470588 | S8: 63 | T8: 43 | U8: 62 | V8: 62.82 | W8: 2072.5732 | X8: 2087 | Y8: 2039 | Z8: 2086 | AA8: 2087 | AB8: 2072.5732 | AC8: 2087 | AD8: 2039 | AE8: 2086 | AF8: 2087 | AG8: 1499.6639 | AH8: 1500 | AI8: 1482 | AJ8: 1500 | AK8: 1500 | AL8: 1499.6639 | AM8: 1500 | AN8: 1482 | AO8: 1500 | AP8: 1500
A9: =B9&"-"&C9&"-"&D9&"-"&E9&"-"&F9&"-"&G9 -> 4096-1-4096-int8-int32-int32 | B9: 4096 | C9: 1 | D9: 4096 | E9: int8 | F9: int32 | G9: int32 | H9: 265.94737 | I9: 269 | J9: 215 | K9: 268 | L9: 269 | M9: 265.94737 | N9: 269 | O9: 215 | P9: 268 | Q9: 269 | R9: 44.929825 | S9: 46 | T9: 41 | U9: 46 | V9: 46 | W9: 2077.4327 | X9: 2106 | Y9: 1077 | Z9: 2105 | AA9: 2106 | AB9: 2077.4327 | AC9: 2106 | AD9: 1077 | AE9: 2105 | AF9: 2106 | AG9: 1499.4912 | AH9: 1500 | AI9: 1483 | AJ9: 1500 | AK9: 1500 | AL9: 1499.4912 | AM9: 1500 | AN9: 1483 | AO9: 1500 | AP9: 1500
A10: =B10&"-"&C10&"-"&D10&"-"&E10&"-"&F10&"-"&G10 -> 65536-1-65536-fp16-fp16-fp16 | B10: 65536 | C10: 1 | D10: 65536 | E10: fp16 | F10: fp16 | G10: fp16 | H10: 798.18239 | I10: 812 | J10: 571 | K10: 809 | L10: 811 | M10: 798.18239 | N10: 812 | O10: 571 | P10: 809 | Q10: 811 | R10: 67.069182 | S10: 73 | T10: 43 | U10: 72 | V10: 73 | W10: 1870.4997 | X10: 1909 | Y10: 1619 | Z10: 1896 | AA10: 1905.24 | AB10: 1870.4997 | AC10: 1909 | AD10: 1619 | AE10: 1896 | AF10: 1905.24 | AG10: 1499.7736 | AH10: 1500 | AI10: 1481 | AJ10: 1500 | AK10: 1500 | AL10: 1499.7736 | AM10: 1500 | AN10: 1481 | AO10: 1500 | AP10: 1500
